date,day,confirmed,recovered,deaths,removed,infected,susceptible,new_confirmed,new_removed,exposed,model_susceptible,model_exposed,model_infected,model_removed,model_confirmed,beta,sigma,gamma
2020-03-01,0,1.0,1.0,0.0,1.0,0.0,29136807.0,0.0,0.0,0.0,29136807.0,0.0,0.0,1.0,1.0,0.0,0.2,0.0
2020-03-02,1,1.0,1.0,0.0,1.0,0.0,29136807.0,0.0,0.0,0.0,29136807.0,0.0,0.0,1.0,1.0,0.0,0.2,0.0
2020-03-03,2,1.0,1.0,0.0,1.0,0.0,29136807.0,0.0,0.0,0.0,29136807.0,0.0,0.0,1.0,1.0,0.0,0.2,0.0
2020-03-04,3,1.0,1.0,0.0,1.0,0.0,29136807.0,0.0,0.0,0.0,29136807.0,0.0,0.0,1.0,1.0,0.0,0.2,0.0
2020-03-05,4,1.0,1.0,0.0,1.0,0.0,29136807.0,0.0,0.0,0.0,29136807.0,0.0,0.0,1.0,1.0,0.0,0.2,0.0
2020-03-06,5,1.0,1.0,0.0,1.0,0.0,29136807.0,0.0,0.0,0.0,29136807.0,0.0,0.0,1.0,1.0,0.0,0.2,0.0
2020-03-07,6,1.0,1.0,0.0,1.0,0.0,29136807.0,0.0,0.0,0.0,29136807.0,0.0,0.0,1.0,1.0,0.0,0.2,0.0
2020-03-08,7,1.0,1.0,0.0,1.0,0.0,29136807.0,0.0,0.0,0.0,29136807.0,0.0,0.0,1.0,1.0,0.0,0.2,0.0
2020-03-09,8,1.0,1.0,0.0,1.0,0.0,29136807.0,0.0,0.0,0.0,29136807.0,0.0,0.0,1.0,1.0,0.0,0.2,0.0
2020-03-10,9,1.0,1.0,0.0,1.0,0.0,29136807.0,0.0,0.0,0.0,29136807.0,0.0,0.0,1.0,1.0,0.0,0.2,0.0
2020-03-11,10,1.0,1.0,0.0,1.0,0.0,29136807.0,0.0,0.0,0.0,29136807.0,0.0,0.0,1.0,1.0,0.0,0.2,0.0
2020-03-12,11,1.0,1.0,0.0,1.0,0.0,29136807.0,0.0,0.0,0.0,29136807.0,0.0,0.0,1.0,1.0,0.0,0.2,0.0
2020-03-13,12,1.0,1.0,0.0,1.0,0.0,29136807.0,0.0,0.0,0.0,29136807.0,0.0,0.0,1.0,1.0,0.0,0.2,0.0
2020-03-14,13,1.0,1.0,0.0,1.0,0.0,29136807.0,0.0,0.0,0.0,29136807.0,0.0,0.0,1.0,1.0,0.0,0.2,0.0
2020-03-15,14,1.0,1.0,0.0,1.0,0.0,29136807.0,0.0,0.0,0.0,29136807.0,0.0,0.0,1.0,1.0,0.0,0.2,0.0
2020-03-16,15,1.0,1.0,0.0,1.0,0.0,29136807.0,0.0,0.0,0.0,29136807.0,0.0,0.0,1.0,1.0,0.0,0.2,0.0
2020-03-17,16,1.0,1.0,0.0,1.0,0.0,29136807.0,0.0,0.0,0.0,29136807.0,0.0,0.0,1.0,1.0,0.0,0.2,0.0
2020-03-18,17,1.0,1.0,0.0,1.0,0.0,29136807.0,0.0,0.0,0.0,29136807.0,0.0,0.0,1.0,1.0,0.0,0.2,0.0
2020-03-19,18,1.0,1.0,0.0,1.0,0.0,29136807.0,0.0,0.0,0.0,29136807.0,0.0,0.0,1.0,1.0,0.0,0.2,0.0
2020-03-20,19,1.0,1.0,0.0,1.0,0.0,29136807.0,0.0,0.0,0.0,29136807.0,0.0,0.0,1.0,1.0,0.0,0.2,0.0
2020-03-21,20,1.0,1.0,0.0,1.0,0.0,29136807.0,0.0,0.0,0.0,29136807.0,0.0,0.0,1.0,1.0,0.0,0.2,0.0
2020-03-22,21,1.0,1.0,0.0,1.0,0.0,29136807.0,0.0,0.0,0.0,29136807.0,0.0,0.0,1.0,1.0,0.0,0.2,0.0
2020-03-23,22,2.0,1.0,0.0,1.0,1.0,29136806.0,1.0,0.0,1.0,29136806.0,1.0,1.0,1.0,2.0,0.20000001372834073,0.2,0.0
2020-03-24,23,2.0,1.0,0.0,1.0,1.0,29136806.0,0.0,0.0,1.0,29136805.779933333,1.0187999992167525,1.2012666666163294,1.0,2.2012666666163296,1.2000000823700443,0.2,0.0
2020-03-25,24,3.0,1.0,0.0,1.0,2.0,29136805.0,1.0,0.0,2.0,29136804.63960003,2.057133302833354,1.3032666648092222,1.0,2.303266664809222,0.2000000205925118,0.2,0.0
2020-03-26,25,3.0,1.0,0.0,1.0,2.0,29136805.0,0.0,0.0,2.0,29136804.55986667,2.0375999968670095,2.4025333331319843,1.0,3.4025333331319843,0.7000000720737911,0.2,0.0
2020-03-27,26,4.0,1.0,0.0,1.0,3.0,29136804.0,1.0,0.0,3.0,29136803.43620004,3.0600999600675163,2.5036999975026433,1.0,3.5036999975026433,0.20000002745668333,0.2,0.0
2020-03-28,27,5.0,1.0,0.0,1.0,4.0,29136803.0,1.0,0.0,3.0,29136803.339800008,3.0563999929507712,3.6037999995469647,1.0,4.603799999546965,0.1500000257406415,0.2,0.0
2020-03-29,28,5.0,1.0,0.0,1.0,4.0,29136803.0,0.0,0.0,3.0,29136802.354887508,3.042262493278945,4.602849999562795,1.0,5.602849999562795,0.0,0.2,0.0
2020-03-30,29,5.0,1.0,0.0,1.0,4.0,29136803.0,0.0,0.0,2.0,29136803.0,2.4562,4.5438,1.0,5.5438,0.10000001716042767,0.2,0.0
2020-03-31,30,5.0,1.0,0.0,1.0,4.0,29136803.0,0.0,0.0,2.0,29136802.579966668,2.018766663821674,4.401266666479275,1.0,5.401266666479275,0.0,0.2,0.0
2020-04-01,31,5.0,1.0,0.0,1.0,4.0,29136803.0,0.0,0.0,1.0,29136803.0,1.6374666666666666,4.362533333333333,1.0,5.362533333333333,0.050000008580213834,0.2,0.0
2020-04-02,32,6.0,1.0,0.0,1.0,5.0,29136802.0,1.0,0.0,1.0,29136802.794995833,1.0046874993233637,4.200316666621521,1.0,5.200316666621521,0.040000008237005565,0.2,0.0
2020-04-03,33,6.0,1.0,0.0,1.0,5.0,29136802.0,0.0,0.0,1.0,29136801.795997333,1.003749332663509,5.200253333288524,1.0,6.200253333288524,0.640000131792089,0.2,0.0
2020-04-04,34,9.0,1.0,0.0,1.0,8.0,29136799.0,3.0,0.0,4.0,29136798.674517523,3.8372291532301377,5.4882533216829135,1.0,6.4882533216829135,0.10000003088877403,0.2,0.0
2020-04-05,35,9.0,1.0,0.0,1.0,8.0,29136799.0,0.0,0.0,4.0,29136798.159933347,4.03753332195336,8.802533332583765,1.0,9.802533332583765,0.10000003088877403,0.2,0.0
2020-04-06,36,9.0,1.0,0.0,1.0,8.0,29136799.0,0.0,0.0,4.0,29136798.159933347,4.03753332195336,8.802533332583765,1.0,9.802533332583765,0.0,0.2,0.0
2020-04-07,37,9.0,1.0,0.0,1.0,8.0,29136799.0,0.0,0.0,3.0,29136799.0,3.2749333333333333,8.725066666666667,1.0,9.725066666666667,0.07500002316658051,0.2,0.0
2020-04-08,38,9.0,1.0,0.0,1.0,8.0,29136799.0,0.0,0.0,3.0,29136798.377471883,3.0211031187555553,8.601424999586058,1.0,9.601424999586058,0.0,0.2,0.0
2020-04-09,39,9.0,1.0,0.0,1.0,8.0,29136799.0,0.0,0.0,0.0,29136799.0,2.4562,8.543800000000001,1.0,9.543800000000001,0.0,0.2,0.0
2020-04-10,40,9.0,1.0,0.0,1.0,8.0,29136799.0,0.0,0.0,0.0,29136799.0,0.0,8.0,1.0,9.0,0.0,0.2,0.0
2020-04-11,41,9.0,1.0,0.0,1.0,8.0,29136799.0,0.0,0.0,0.0,29136799.0,0.0,8.0,1.0,9.0,0.3750001158329026,0.2,0.0
2020-04-12,42,12.0,1.0,0.0,1.0,11.0,29136796.0,3.0,0.0,3.0,29136795.96437516,2.7527498507682138,8.282874990122028,1.0,9.282874990122028,0.2363637337100857,0.2,0.0
2020-04-13,43,14.0,1.0,0.0,1.0,13.0,29136794.0,2.0,0.0,5.0,29136793.313842,4.8935458889002295,11.79261211352035,1.0,12.79261211352035,0.23076934165202834,0.2,0.0
2020-04-14,44,16.0,1.0,0.0,1.0,15.0,29136792.0,2.0,0.0,7.0,29136790.869556382,6.93503337217564,14.195410246005856,1.0,15.195410246005856,0.09333338458582996,0.2,0.0
2020-04-15,45,16.0,1.0,0.0,1.0,15.0,29136792.0,0.0,0.0,7.0,29136790.534565073,7.06129715056275,16.404137775493425,1.0,17.404137775493425,0.09333338458582996,0.2,0.06666666666666667
2020-04-16,46,16.0,2.0,0.0,2.0,14.0,29136792.0,0.0,1.0,7.0,29136790.58171223,7.017126288589025,15.38809876329674,2.013062716011513,17.401161479308254,0.8857147720900188,0.2,0.0
2020-04-17,47,30.0,2.0,0.0,2.0,28.0,29136778.0,14.0,0.0,18.0,29136778.662326906,17.851835182728387,16.485837911526403,2.0,18.485837911526403,0.09285723846532183,0.2,0.0
2020-04-18,48,31.0,2.0,0.0,2.0,29.0,29136777.0,1.0,0.0,17.0,29136775.23553908,17.24769664545297,31.51676427763781,2.0,33.51676427763781,0.04827591343194655,0.2,0.06896551724137931
2020-04-19,49,31.0,4.0,0.0,4.0,27.0,29136777.0,0.0,2.0,15.0,29136775.569945183,15.215447685317276,30.171671628488355,4.042935503671096,34.21460713215945,0.11111122932749601,0.2,0.0
2020-04-20,50,31.0,4.0,0.0,4.0,27.0,29136777.0,0.0,0.0,15.0,29136773.833024863,15.15641959129664,30.010555544928792,4.0,34.01055554492879,0.55555614663748,0.2,0.0
2020-04-21,51,43.0,4.0,0.0,4.0,39.0,29136765.0,12.0,0.0,27.0,29136760.94784397,26.864267412127326,31.18788862020088,4.0,35.18788862020088,0.0,0.2,0.07692307692307693
2020-04-22,52,45.0,7.0,0.0,7.0,38.0,29136763.0,2.0,3.0,15.0,29136765.0,22.105800000000002,40.817101228948566,7.077098771051434,47.8942,0.1315791505842907,0.2,0.07894736842105263
2020-04-23,53,48.0,10.0,0.0,10.0,38.0,29136760.0,3.0,3.0,17.0,29136757.99184023,16.82038786916911,38.18287578129705,10.004896121319167,48.18777190261622,0.11578966443619314,0.2,0.02631578947368421
2020-04-24,54,49.0,11.0,0.0,11.0,38.0,29136759.0,1.0,1.0,18.0,29136755.458354387,18.039046928956573,40.47040641973198,11.032192265486076,51.502598685218054,0.09473700142652683,0.2,0.02631578947368421
2020-04-25,55,49.0,12.0,0.0,12.0,37.0,29136759.0,0.0,1.0,18.0,29136755.277721107,18.114532922930913,40.57377954376251,12.03396642479099,52.6077459685535,0.0,0.2,0.10810810810810811
2020-04-26,56,52.0,16.0,0.0,16.0,36.0,29136756.0,3.0,4.0,9.0,29136759.0,14.737200000000001,36.29563722583065,15.96716277416935,52.2628,0.0,0.2,0.0
2020-04-27,57,52.0,16.0,0.0,16.0,36.0,29136756.0,0.0,0.0,7.0,29136756.0,7.368600000000001,37.6314,16.0,53.6314,0.011111130940970614,0.2,0.0
2020-04-28,58,54.0,16.0,0.0,16.0,38.0,29136754.0,2.0,0.0,6.0,29136755.592572637,6.100619956177615,37.30680740722845,16.0,53.30680740722845,0.08421068238562557,0.2,0.0
2020-04-29,59,57.0,16.0,0.0,16.0,41.0,29136751.0,3.0,0.0,8.0,29136750.744069617,7.865116357404328,39.390814023673265,16.0,55.390814023673265,0.03902446658701441,0.2,0.0
2020-04-30,60,57.0,16.0,0.0,16.0,41.0,29136751.0,0.0,0.0,8.0,29136749.36876023,8.029262538970114,42.601977232906656,16.0,58.601977232906656,0.014634174970130403,0.2,0.0
2020-05-01,61,59.0,16.0,0.0,16.0,43.0,29136749.0,2.0,0.0,7.0,29136750.38875325,7.104196345367857,42.50705040610133,16.0,58.50705040610133,0.032558205462974485,0.2,0.0
2020-05-02,62,59.0,16.0,0.0,16.0,43.0,29136749.0,0.0,0.0,7.0,29136747.57719697,7.021359621292723,44.4014434086693,16.0,60.4014434086693,0.3581402600927193,0.2,0.0
2020-05-03,63,75.0,16.0,0.0,16.0,59.0,29136733.0,16.0,0.0,21.0,29136733.189035036,20.07539779011553,45.735567175423434,16.0,61.735567175423434,0.02033903540482032,0.2,0.0
2020-05-04,64,75.0,16.0,0.0,16.0,59.0,29136733.0,0.0,0.0,18.0,29136731.759205885,18.31919072500577,62.92160338818157,16.0,78.92160338818158,0.17966147940924618,0.2,0.0
2020-05-05,65,82.0,16.0,0.0,16.0,66.0,29136726.0,7.0,0.0,25.0,29136722.03581904,24.68593702315781,63.2782439395413,16.0,79.2782439395413,0.30303115585380996,0.2,0.09090909090909091
2020-05-06,66,99.0,22.0,0.0,22.0,77.0,29136709.0,17.0,6.0,40.0,29136706.007304385,38.58948667959467,66.40539819218628,21.997810741828097,88.40320893401437,0.1298705711396932,0.2,0.0
2020-05-07,67,101.0,22.0,0.0,22.0,79.0,29136707.0,2.0,0.0,42.0,29136698.471171863,42.30816158898729,85.22066654913372,22.0,107.22066654913372,0.0,0.2,0.11392405063291139
2020-05-08,68,102.0,31.0,0.0,31.0,71.0,29136706.0,1.0,9.0,27.0,29136707.0,34.3868,77.67551160009654,30.937688399903454,108.61319999999999,0.1887330550690311,0.2,0.0
2020-05-09,69,110.0,31.0,0.0,31.0,79.0,29136698.0,8.0,0.0,35.0,29136692.041010786,34.7748664160635,77.18412279746718,31.0,108.18412279746718,0.0,0.2,0.0
2020-05-10,70,110.0,31.0,0.0,31.0,79.0,29136698.0,0.0,0.0,28.0,29136698.0,28.65566666666667,85.34433333333334,31.0,116.34433333333334,0.15949427302375804,0.2,0.02531645569620253
2020-05-11,71,134.0,33.0,0.0,33.0,101.0,29136674.0,24.0,2.0,35.0,29136685.07943958,34.64497202701026,83.22470533041678,33.050883060813284,116.27558839123006,0.8712911357754224,0.2,0.0
2020-05-12,72,217.0,33.0,0.0,33.0,184.0,29136591.0,83.0,0.0,116.0,29136580.6715119,113.43073807614329,115.89775002522477,33.0,148.89775002522475,0.30000223430393763,0.2,0.010869565217391304
2020-05-13,73,250.0,35.0,0.0,35.0,215.0,29136558.0,33.0,2.0,148.0,29136532.312519386,148.27332699186363,208.2877934872434,35.12636013508043,243.41415362232382,0.10046597829849808,0.2,0.0
2020-05-14,74,249.0,35.0,0.0,35.0,214.0,29136559.0,0.0,0.0,140.0,29136534.93608692,142.12041720842043,243.94349587302347,35.0,278.9434958730235,0.21495510801106912,0.2,0.004672897196261682
2020-05-15,75,267.0,36.0,0.0,36.0,231.0,29136541.0,18.0,1.0,158.0,29136509.9699182,159.1540766885651,242.81013287101624,36.065872240355645,278.8760051113719,0.13679779036590609,0.2,0.004329004329004329
2020-05-16,76,291.0,36.0,1.0,37.0,254.0,29136517.0,24.0,1.0,158.0,29136507.305277538,159.96231882568378,261.66611433549195,37.06628930209587,298.7324036375878,0.0,0.2,0.003937007874015748
2020-05-17,77,295.0,36.0,2.0,38.0,257.0,29136513.0,4.0,1.0,79.0,29136517.0,129.35986666666668,281.58391163608485,38.05622169724851,319.6401333333334,0.24436045071787543,0.2,0.0
2020-05-18,78,375.0,36.0,2.0,38.0,337.0,29136433.0,80.0,0.0,126.0,29136447.89809696,123.75817240109711,277.3437306383458,38.0,315.3437306383458,0.15489813602158523,0.2,0.002967359050445104
2020-05-19,79,402.0,37.0,2.0,39.0,363.0,29136406.0,27.0,1.0,153.0,29136378.790488373,152.35493504739202,363.8160792214232,39.03849735743635,402.85457657885956,0.1035826963461727,0.2,0.02203856749311295
2020-05-20,80,427.0,45.0,2.0,47.0,380.0,29136381.0,25.0,8.0,160.0,29136367.213260654,160.45616610737312,386.078070013642,47.252503226455985,433.330573240098,0.10000146552174753,0.2,0.013157894736842105
2020-05-21,81,457.0,49.0,3.0,52.0,405.0,29136351.0,30.0,5.0,166.0,29136341.634744,166.71705370814993,407.4685598449984,52.17964244635188,459.6482022913503,0.21778119359482515,0.2,0.05185185185185185
2020-05-22,82,516.0,70.0,3.0,73.0,443.0,29136292.0,59.0,21.0,221.0,29136261.115415353,217.42997692070384,422.05348313202586,73.40112459491328,495.4546077269391,0.07268751751213619,0.2,0.0
2020-05-23,83,584.0,70.0,3.0,73.0,511.0,29136224.0,68.0,0.0,209.0,29136258.21932867,211.60438977148505,486.1762815556763,73.0,559.1762815556763,0.0661461398819763,0.2,0.033268101761252444
2020-05-24,84,603.0,87.0,3.0,90.0,513.0,29136205.0,19.0,17.0,201.0,29136189.40455046,202.4941751358953,534.7011859026469,90.40008850069538,625.1012744033422,0.18362953129401227,0.2,0.050682261208576995
2020-05-25,85,682.0,112.0,4.0,116.0,566.0,29136126.0,79.0,26.0,255.0,29136109.204359677,251.43965478720148,531.9155317874289,116.44045374731965,648.3559855347486,0.19611766469568717,0.2,0.07597173144876325
2020-05-26,86,772.0,155.0,4.0,159.0,613.0,29136036.0,90.0,43.0,315.0,29136013.867522936,310.44419061824635,579.2494955238853,159.43879092073973,738.6882864446251,0.19250102214508924,0.2,0.04567699836867863
2020-05-27,87,886.0,183.0,4.0,187.0,699.0,29135922.0,114.0,28.0,370.0,29135914.34023946,368.27967911662176,652.5116033944454,187.8684780287756,840.380081423221,0.23176670427748094,0.2,0.00715307582260372
2020-05-28,88,1042.0,187.0,5.0,192.0,850.0,29135766.0,156.0,5.0,458.0,29135751.348318122,457.8696129819733,776.5150262510092,192.26704264474492,968.7820688957542,0.28542197205923714,0.2,0.023529411764705882
2020-05-29,89,1212.0,206.0,6.0,212.0,1000.0,29135596.0,170.0,20.0,609.0,29135511.858142223,605.6833142665832,935.5069387037987,212.95160480767166,1148.4585435114705,0.23180964255545006,0.2,0.013
2020-05-30,90,1401.0,219.0,6.0,225.0,1176.0,29135407.0,189.0,13.0,719.0,29135350.792190388,721.2661469998703,1119.189656830032,225.75200578174562,1344.9416626117775,0.1911656545007015,0.2,0.002551020408163265
2020-05-31,91,1572.0,220.0,8.0,228.0,1344.0,29135236.0,171.0,3.0,800.0,29135168.22214086,805.5133823902131,1325.077926425997,228.1865503245517,1553.2644767505487,0.21206501283973025,0.2,0.000744047619047619
2020-06-01,92,1811.0,221.0,8.0,229.0,1582.0,29134997.0,239.0,1.0,925.0,29134933.248704486,929.9314003208724,1515.7576044270324,229.0622907671616,1744.819895194194,0.20039172211011932,0.2,0.028445006321112517
2020-06-02,93,2099.0,266.0,8.0,274.0,1825.0,29134709.0,288.0,45.0,1057.0,29134665.229236383,1058.4810987726783,1733.192600577951,276.0970642667472,2009.289664844698,0.13283148691719773,0.2,0.007123287671232876
2020-06-03,94,2300.0,278.0,9.0,287.0,2013.0,29134508.0,201.0,13.0,1088.0,29134453.297109853,1097.5595187305055,2026.4298724093605,287.7134990075347,2314.143371416895,0.18014338060686166,0.2,0.006458022851465474
2020-06-04,95,2634.0,290.0,10.0,300.0,2334.0,29134174.0,334.0,13.0,1233.0,29134126.133891728,1237.4759914083706,2231.699295180719,300.69082168482,2532.3901168655393,0.15151326851975708,0.2,0.018851756640959727
2020-06-05,96,2912.0,333.0,11.0,344.0,2568.0,29133896.0,278.0,44.0,1340.0,29133804.60188993,1344.781755676714,2545.650234802149,345.9661195911226,2891.6163543932716,0.13708535171754252,0.2,0.0132398753894081
2020-06-06,97,3235.0,365.0,13.0,378.0,2857.0,29133573.0,323.0,34.0,1424.0,29133527.63551605,1431.4652761533976,2809.31832247074,379.58088532587,3188.89920779661,0.07344182577878892,0.2,0.035701785089254465
2020-06-07,98,3448.0,467.0,13.0,480.0,2968.0,29133360.0,213.0,102.0,1349.0,29133356.73267982,1362.080460239607,3030.042205347111,483.14465459235964,3513.1868599394707,0.12899100581479173,0.2,0.007412398921832884
2020-06-08,99,3762.0,488.0,14.0,502.0,3260.0,29133046.0,314.0,22.0,1462.0,29132960.76708861,1466.8143588880962,3226.473975089958,502.9445774107889,3729.418552500747,0.08663695300443058,0.2,0.029754601226993867
2020-06-09,100,4086.0,584.0,15.0,599.0,3487.0,29132722.0,324.0,97.0,1452.0,29132755.23642992,1460.7699568571388,3452.1203588188873,601.8732544047931,4053.9936132236803,0.08329243761200883,0.2,0.025810151993117293
2020-06-10,101,4364.0,674.0,15.0,689.0,3675.0,29132444.0,278.0,90.0,1452.0,29132423.31654843,1459.7586372401852,3685.3571544007664,691.5676599282052,4376.9248143289715,0.05916532414167929,0.2,0.0508843537414966
2020-06-11,102,4614.0,861.0,15.0,876.0,3738.0,29132194.0,250.0,187.0,1379.0,29132223.725562736,1388.528249504032,3769.2729794118295,878.4732083478671,4647.746187759696,0.13667225822898876,0.2,0.00454788657035848
2020-06-12,103,5062.0,877.0,16.0,893.0,4169.0,29131746.0,448.0,17.0,1614.0,29131664.49304542,1609.523508640503,4019.360697236122,893.6227487048955,4912.983445941018,0.0676058925939062,0.2,0.009114895658431278
2020-06-13,104,5335.0,913.0,18.0,931.0,4404.0,29131473.0,273.0,38.0,1573.0,29131454.68193537,1585.7549609008206,4449.279420952596,932.2836827767337,5381.56310372933,0.09438603792364644,0.2,0.01407811080835604
2020-06-14,105,5760.0,974.0,19.0,993.0,4767.0,29131048.0,425.0,62.0,1674.0,29131045.22065573,1675.9512625644438,4665.0106753492455,994.8174063544833,5659.8280817037285,0.10654508199339228,0.2,0.014054961191525068
2020-06-15,106,6211.0,1041.0,19.0,1060.0,5151.0,29130597.0,451.0,67.0,1847.0,29130525.400980268,1844.6642466950289,5049.981546569067,1061.9532264670888,6111.934773036156,0.09697271950988502,0.2,0.022714036109493303
2020-06-16,107,6591.0,1158.0,19.0,1177.0,5414.0,29130217.0,380.0,117.0,1977.0,29130085.044765096,1976.5875699378487,5413.425156277274,1179.9425086883145,6593.367664965589,0.09854464112133865,0.2,0.001847063169560399
2020-06-17,108,7177.0,1167.0,20.0,1187.0,5990.0,29129631.0,586.0,10.0,2115.0,29129664.170173135,2120.279678085363,5813.185786709789,1187.364362069256,7000.550148779044,0.1370955390901589,0.2,0.0035058430717863106
2020-06-18,109,7848.0,1186.0,22.0,1208.0,6640.0,29128960.0,671.0,21.0,2513.0,29128780.706414454,2503.180919982705,6430.363060300477,1208.7496052638378,7639.112665564315,0.07586380741249482,0.2,0.03253012048192771
2020-06-19,110,8274.0,1402.0,22.0,1424.0,6850.0,29128534.0,426.0,216.0,2514.0,29128445.63696345,2523.987091587491,6922.7576033527375,1428.6183416096108,8351.375944962349,0.05589908538169099,0.2,0.025693430656934305
2020-06-20,111,8605.0,1578.0,22.0,1600.0,7005.0,29128203.0,331.0,176.0,2394.0,29128142.35143677,2413.5254984402773,7162.05354929939,1604.069515490586,8766.123064789976,0.07422606115020274,0.2,0.027837259100642397
2020-06-21,112,9026.0,1772.0,23.0,1795.0,7231.0,29127782.0,421.0,195.0,2435.0,29127672.663632937,2441.0292786310074,7289.352619345625,1798.954469086544,9088.307088432168,0.06031463226765214,0.2,0.051998340478495365
2020-06-22,113,9561.0,2148.0,23.0,2171.0,7390.0,29127247.0,535.0,376.0,2384.0,29127342.806820694,2391.7664733774604,7334.670099488698,2173.7566064388147,9508.426705927512,0.04653759839347346,0.2,0.010419485791610283
2020-06-23,114,10099.0,2224.0,24.0,2248.0,7851.0,29126709.0,538.0,77.0,2251.0,29126894.122729998,2271.9580097164226,7775.885768771555,2250.033491512165,10025.919260283721,0.08322843990675151,0.2,0.014520443255636225
2020-06-24,115,10728.0,2338.0,24.0,2362.0,8366.0,29126080.0,629.0,114.0,2454.0,29126041.337074604,2448.538536384207,8204.598905424808,2364.525483588687,10569.124389013494,0.07100391037169124,0.2,0.03753287114511116
2020-06-25,116,11162.0,2650.0,26.0,2676.0,8486.0,29125646.0,434.0,314.0,2557.0,29125479.77287839,2553.3742041710275,8549.451000610128,2679.40191683032,11228.852917440448,0.0805635050170401,0.2,0.005774216356351638
2020-06-26,117,11755.0,2698.0,27.0,2725.0,9030.0,29125053.0,593.0,49.0,2729.0,29124943.562161457,2730.7271944167283,8964.345017618743,2726.365626506081,11690.710644124825,0.06257230960952608,0.2,0.015171650055370986
2020-06-27,118,12309.0,2834.0,28.0,2862.0,9447.0,29124499.0,554.0,137.0,2748.0,29124475.434712257,2758.17753943683,9438.289963265403,2865.097785039586,12303.38774830499,0.05025940320093116,0.2,0.018947814120884938
2020-06-28,119,12772.0,3013.0,28.0,3041.0,9731.0,29124036.0,463.0,179.0,2673.0,29124015.26433106,2688.580562290017,9807.707985218349,3044.447121432013,12852.155106650362,0.03923207749940061,0.2,0.012537252080978317
2020-06-29,120,13248.0,3134.0,29.0,3163.0,10085.0,29123560.0,476.0,122.0,2520.0,29123646.53036072,2541.7001243780555,10127.252707513222,3165.5168073871023,13292.769514900325,0.03829207608578839,0.2,0.005949429846306396
2020-06-30,121,13564.0,3194.0,29.0,3223.0,10341.0,29123244.0,316.0,60.0,2402.0,29123165.659896795,2420.863165397523,10517.18013372233,3224.296804085125,13741.476937807454,0.03573852104594036,0.2,0.14147567933468716
2020-07-01,122,14046.0,4656.0,30.0,4686.0,9360.0,29122762.0,482.0,1463.0,2291.0,29122891.485265028,2285.5886097310586,9413.791370516536,4619.134754724004,14032.92612524054,0.040318581704073916,0.2,0.07104700854700854
2020-07-02,123,14519.0,5320.0,31.0,5351.0,9168.0,29122289.0,473.0,665.0,2210.0,29122388.976625755,2213.6749382714243,9152.70757556098,5343.640860412918,14496.348435973898,0.07846405535500861,0.2,0.08987783595113438
2020-07-03,124,15259.0,6143.0,32.0,6175.0,9084.0,29121549.0,740.0,824.0,2487.0,29121583.896964513,2448.0479500244896,8826.97172687248,6159.083358591904,14986.055085464384,0.027909816774703746,0.2,0.0301629238221048
2020-07-04,125,15491.0,6415.0,34.0,6449.0,9042.0,29121317.0,232.0,274.0,2243.0,29121292.728703585,2268.541604674195,9281.623755748511,6452.10593599214,15733.729691740651,0.04709427081220015,0.2,0.014598540145985401
2020-07-05,126,15784.0,6547.0,34.0,6581.0,9203.0,29121024.0,293.0,132.0,2220.0,29120884.01659286,2229.06965950252,9354.622782798775,6583.2909648376035,15937.91374763638,0.015438114307815155,0.2,0.028794958165815496
2020-07-06,127,15964.0,6811.0,35.0,6846.0,9118.0,29120844.0,180.0,265.0,1918.0,29120880.778635625,1947.429688023895,9351.511712335578,6848.279964017368,16199.791676352947,0.012575435790337342,0.2,0.07545514367185786
2020-07-07,128,16168.0,7499.0,35.0,7534.0,8634.0,29120640.0,204.0,688.0,1649.0,29120731.371282443,1672.34944642553,8800.11253877249,7522.166732357868,16322.279271130357,0.0,0.2,0.029302756543896226
2020-07-08,129,16423.0,7752.0,35.0,7787.0,8636.0,29120385.0,255.0,253.0,1164.0,29120640.0,1350.0912666666668,8679.098086068137,7787.810647265195,16466.908733333334,0.01260553032052949,0.2,0.016095414543770264
2020-07-09,130,16531.0,7891.0,35.0,7926.0,8605.0,29120277.0,108.0,139.0,1040.0,29120275.661632705,1052.118387592749,8717.531913653493,7926.688066049482,16644.219979702975,0.003837156704393516,0.2,0.013945380592678676
2020-07-10,131,16649.0,8011.0,35.0,8046.0,8603.0,29120159.0,118.0,120.0,865.0,29120243.853224806,881.5289139989034,8676.084064614768,8046.533796581149,16722.61786119592,0.007327213678307878,0.2,0.05044751830756713
2020-07-11,132,16719.0,8442.0,38.0,8480.0,8239.0,29120089.0,70.0,434.0,755.0,29120096.96514016,764.3992612527409,8338.283886724626,8473.35171186115,16811.635598585777,0.0035218655239876336,0.2,0.01784197111299915
2020-07-12,133,16801.0,8589.0,38.0,8627.0,8174.0,29120007.0,82.0,147.0,633.0,29120060.0065505,644.4210556976597,8231.605524890254,8626.966868913763,16858.572393804017,0.0019095914525997925,0.2,0.2085882065084414
2020-07-13,134,16945.0,10294.0,38.0,10332.0,6613.0,29119863.0,144.0,1705.0,522.0,29119992.813309252,531.0741992912459,6739.579567408278,10177.532924048362,16917.11249145664,0.017006714977412137,0.2,0.005141388174807198
2020-07-14,135,17061.0,10328.0,38.0,10366.0,6695.0,29119747.0,116.0,34.0,530.0,29119749.998485602,529.8141279697057,6684.005367350652,10366.182019076236,17050.187386426885,0.015543081803174246,0.2,0.10425690814040328
2020-07-15,136,17177.0,11025.0,39.0,11064.0,6113.0,29119631.0,116.0,698.0,528.0,29119647.444747508,524.0258692998244,6132.359334905068,11034.170048287364,17166.529383192432,0.03316203322038226,0.2,0.036643219368558806
2020-07-16,137,17344.0,11249.0,39.0,11288.0,6056.0,29119464.0,167.0,224.0,625.0,29119430.239244692,614.1928385698709,6005.6006698973,11285.96724683972,17291.567916737018,0.02379223391870459,0.2,0.04722589167767503
2020-07-17,138,17445.0,11534.0,40.0,11574.0,5871.0,29119363.0,101.0,286.0,644.0,29119321.871335153,640.4679892286898,5900.376666262719,11570.284009354582,17470.6606756173,0.007124006436879758,0.2,0.017543859649122806
2020-07-18,139,17502.0,11637.0,40.0,11677.0,5825.0,29119306.0,57.0,103.0,557.0,29119321.128233626,565.2160106693273,5888.478840936455,11677.176914768703,17565.655755705156,0.026007038307979482,0.2,0.009957081545064377
2020-07-19,140,17658.0,11695.0,40.0,11735.0,5923.0,29119150.0,156.0,58.0,597.0,29119153.87558748,593.9322018802551,5881.914542389227,11735.277668252069,17617.192210641297,0.031996429700995366,0.2,0.029208171534695255
2020-07-20,141,17844.0,11868.0,40.0,11908.0,5936.0,29118964.0,186.0,173.0,667.0,29118961.37943226,659.714067683831,5876.617883873894,11907.288616181175,17783.90650005507,0.019621180848333336,0.2,0.10259433962264151
2020-07-21,142,17994.0,12477.0,40.0,12517.0,5477.0,29118814.0,150.0,609.0,650.0,29118852.119691834,647.3605646487792,5482.165460329537,12493.354283186554,17975.51974351609,0.02356759460981935,0.2,0.03815957641044367
2020-07-22,143,18094.0,12684.0,42.0,12726.0,5368.0,29118714.0,100.0,209.0,649.0,29118685.92000947,648.2320445102459,5399.338047630742,12724.509898385853,18123.847946016595,0.04097179227562322,0.2,0.029247391952309985
2020-07-23,144,18241.0,12840.0,43.0,12883.0,5358.0,29118567.0,147.0,157.0,739.0,29118494.636889,730.1620184152958,5349.512565957169,12882.688526629685,18232.201092586853,0.023306864419842258,0.2,0.020156774916013438
2020-07-24,145,18374.0,12947.0,44.0,12991.0,5383.0,29118434.0,133.0,108.0,716.0,29118441.756546464,718.5694964605545,5395.2899661196125,12991.383990956565,18386.67395707618,0.012305735242359827,0.2,0.019877391788965262
2020-07-25,146,18483.0,13053.0,45.0,13098.0,5385.0,29118325.0,109.0,107.0,639.0,29118367.608733963,646.3911585612552,5411.690839130648,13098.309268343197,18510.000107473847,0.02003127698796082,0.2,0.013927576601671309
2020-07-26,147,18613.0,13128.0,45.0,13173.0,5440.0,29118195.0,130.0,75.0,619.0,29118216.686611887,621.3540530915049,5435.602013896803,13173.357321125826,18608.959335022628,0.029945600256027508,0.2,0.115625
2020-07-27,148,18752.0,13754.0,48.0,13802.0,4950.0,29118056.0,139.0,629.0,658.0,29118039.444847032,647.5644306342732,4965.98057150256,13774.01015082893,18739.99072233149,0.05975562951820214,0.2,0.024646464646464646
2020-07-28,149,19063.0,13875.0,49.0,13924.0,5139.0,29117745.0,311.0,122.0,822.0,29117759.808800932,807.1956020145461,4974.750975694263,13924.244621357331,18898.995597051595,0.04700487280914265,0.2,0.028410196536291107
2020-07-29,150,19273.0,14021.0,49.0,14070.0,5203.0,29117535.0,210.0,146.0,899.0,29117503.05888701,892.2956492626237,5164.317587797977,14070.327875931738,19234.645463729714,0.06631332391823962,0.2,0.0442052661925812
2020-07-30,151,19547.0,14248.0,52.0,14300.0,5247.0,29117261.0,274.0,230.0,1064.0,29117191.500760134,1047.3302650846942,5169.035299661435,14299.133675120056,19468.16897478149,0.05851076062123884,0.2,0.02954068991804841
2020-07-31,152,19771.0,14399.0,56.0,14455.0,5316.0,29117037.0,224.0,155.0,1158.0,29116952.35398361,1150.926102089843,5312.786452443197,14455.933461857894,19768.71991430109,0.07672625429751212,0.2,0.017494356659142212
2020-08-01,153,20086.0,14492.0,56.0,14548.0,5538.0,29116722.0,315.0,93.0,1334.0,29116623.68811212,1322.8692741479363,5470.138692269629,14549.303921462575,20019.442613732204,0.036464285039205735,0.2,0.020223907547851208
2020-08-02,154,20332.0,14603.0,57.0,14660.0,5672.0,29116476.0,246.0,112.0,1269.0,29116517.472137574,1277.6425145079277,5685.370972068686,14661.514375848892,20346.885347917578,0.08147434315618099,0.2,0.06311706629055007
2020-08-03,155,20750.0,14961.0,57.0,15018.0,5732.0,29116058.0,418.0,358.0,1477.0,29116017.836018145,1454.117507767389,5589.8624203749405,15015.184053713361,20605.046474088304,0.048953215511092434,0.2,0.011514305652477321
2020-08-04,156,21009.0,15026.0,58.0,15084.0,5925.0,29115799.0,259.0,66.0,1462.0,29115772.030534916,1468.621493718427,5959.0367110836705,15085.311260283572,21044.347971367242,0.07590283075339391,0.2,0.022278481012658228
2020-08-05,157,21390.0,15156.0,60.0,15216.0,6174.0,29115418.0,381.0,132.0,1619.0,29115343.182906188,1610.308805458946,6098.622379664946,15217.885908687105,21316.50828835205,0.05977825452815533,0.2,0.03854875283446712
2020-08-06,158,21750.0,15389.0,65.0,15454.0,6296.0,29115058.0,360.0,238.0,1664.0,29115046.585568726,1662.234448856028,6262.491266394394,15455.68871602447,21718.179982418864,0.08754947069498362,0.2,0.06829733163913596
2020-08-07,159,22214.0,15814.0,70.0,15884.0,6330.0,29114594.0,464.0,430.0,1882.0,29114510.77485883,1858.238784793347,6221.773171831759,15881.21318454689,22102.98635637865,0.053184307767977224,0.2,0.07930489731437598
2020-08-08,160,22592.0,16313.0,73.0,16386.0,6206.0,29114216.0,378.0,502.0,1842.0,29114260.92172609,1842.6355639352375,6205.396782669581,16381.04592730701,22586.44270997659,0.07892036155055614,0.2,0.00676764421527554
2020-08-09,161,22972.0,16353.0,75.0,16428.0,6544.0,29113836.0,380.0,42.0,1963.0,29113713.44497145,1963.992093075758,6543.433606960946,16429.12932851348,22972.562935474427,0.05346513579007674,0.2,0.022004889975550123
2020-08-10,162,23310.0,16493.0,79.0,16572.0,6738.0,29113498.0,338.0,144.0,1920.0,29113479.876553398,1930.1369505488851,6786.298595727482,16574.68790032749,23360.986496054975,0.09832740228812398,0.2,0.025972098545562483
2020-08-11,163,23948.0,16664.0,83.0,16747.0,7201.0,29112860.0,638.0,175.0,2198.0,29112824.953290403,2182.3165441966994,6970.807906078788,16749.9222593229,23720.730165401685,0.06387697030866438,0.2,0.009998611303985558
2020-08-12,164,24432.0,16728.0,91.0,16819.0,7613.0,29112376.0,484.0,72.0,2218.0,29112388.659087643,2227.1246858515765,7569.376321346477,16820.83990515931,24390.21622650579,0.0776429330957213,0.2,0.014843031656377249
2020-08-13,165,24957.0,16837.0,95.0,16932.0,8025.0,29111851.0,525.0,113.0,2365.0,29111772.269570217,2363.533825538889,7955.683150187713,16934.513454057127,24890.19660424484,0.08568086619066091,0.2,0.030404984423676014
2020-08-14,166,25551.0,17077.0,99.0,17176.0,8375.0,29111257.0,594.0,244.0,2579.0,29111153.71541814,2568.5940770888856,8271.034790685228,17179.65571408387,25450.690504769096,0.07717812773292271,0.2,0.015164179104477612
2020-08-15,167,26019.0,17201.0,102.0,17303.0,8716.0,29110789.0,468.0,127.0,2709.0,29110595.957291927,2711.1042089070797,8773.939463678405,17305.999035486206,26079.93849916461,0.06256160372449783,0.2,0.015603487838458009
2020-08-16,168,26660.0,17335.0,104.0,17439.0,9221.0,29110148.0,641.0,136.0,2712.0,29110231.56950881,2723.549591677587,9119.726581153524,17442.154318360714,26561.88089951424,0.06940522534102472,0.2,0.017677041535625205
2020-08-17,169,27241.0,17495.0,107.0,17602.0,9639.0,29109567.0,581.0,163.0,2809.0,29109495.303161535,2812.37120132944,9606.934055333688,17605.391581801778,27212.325637135466,0.10932516027635862,0.2,0.009544558564166408
2020-08-18,170,28257.0,17580.0,114.0,17694.0,10563.0,29108551.0,1016.0,92.0,3300.0,29108486.904361896,3279.5963480604505,10154.112281775973,17696.38700826562,27850.499290041596,0.07078719559022184,0.2,0.011928429423459244
2020-08-19,171,28938.0,17700.0,120.0,17820.0,11118.0,29107870.0,681.0,126.0,3387.0,29107784.986619238,3396.6626605639008,11103.141943801718,17823.2087763973,28926.350720199018,0.08250684043899202,0.2,0.024284943335132217
2020-08-20,172,29645.0,17964.0,126.0,18090.0,11555.0,29107163.0,707.0,270.0,3626.0,29106936.31723545,3619.807970489782,11543.778340865923,18095.096453192444,29638.874794058367,0.07989089054506121,0.2,0.022587624405019473
2020-08-21,173,30483.0,18214.0,137.0,18351.0,12132.0,29106325.0,838.0,261.0,3823.0,29106221.91054714,3822.245668347442,12033.493407102937,18356.350377410065,30389.843784513003,0.06746260063948964,0.2,0.011951862842070558
2020-08-22,174,31117.0,18350.0,146.0,18496.0,12621.0,29105691.0,634.0,145.0,3876.0,29105486.480771605,3890.6315804641395,12754.175515448833,18499.712132481454,31253.887647930285,0.04578219527907331,0.2,0.022502178908168923
2020-08-23,175,31935.0,18631.0,149.0,18780.0,13155.0,29104873.0,818.0,284.0,3678.0,29105102.93410979,3706.7202014985783,13088.996416335167,18785.349272377527,31874.345688712696,0.06069746543356607,0.2,0.013911060433295324
2020-08-24,176,32678.0,18806.0,157.0,18963.0,13715.0,29104130.0,743.0,183.0,3740.0,29104058.600956444,3749.929062810627,13710.613022213285,18966.85695853233,32677.469980745616,0.0654032829160035,0.2,0.023332118118847976
2020-08-25,177,33533.0,19119.0,164.0,19283.0,14250.0,29103275.0,855.0,320.0,3888.0,29103219.82221841,3887.4198930754824,14152.689312095523,19288.068576420144,33440.75788851567,0.05793334105067786,0.2,0.027789473684210527
2020-08-26,178,34418.0,19504.0,175.0,19679.0,14739.0,29102390.0,885.0,396.0,3935.0,29102439.376468178,3940.9232735410355,14631.400635130845,19684.299623151757,34315.7002582826,0.0858602939235611,0.2,0.03914783906642242
2020-08-27,179,35529.0,20073.0,183.0,20256.0,15273.0,29101279.0,1111.0,577.0,4412.0,29101115.844692882,4376.845466317542,14989.661338694561,20260.64850210528,35250.30984079984,0.06499118540282958,0.2,0.011850978851568127
2020-08-28,180,36456.0,20242.0,195.0,20437.0,16019.0,29100352.0,927.0,181.0,4521.0,29100264.69475696,4532.2476288251955,15981.872574363868,20441.18503985172,36423.05761421559,0.06532925859796967,0.2,0.02028840751607466
2020-08-29,181,37340.0,20555.0,207.0,20762.0,16578.0,29099468.0,884.0,325.0,4662.0,29099287.740617573,4666.647934105485,16606.67897195386,20767.932476369213,37374.61144832308,0.07842116584426775,0.2,0.016950174930630956
2020-08-30,182,38561.0,20822.0,221.0,21043.0,17518.0,29098247.0,1221.0,281.0,5028.0,29098143.32768101,5018.336068028656,17259.643864656384,21048.692386305458,38308.336250961846,0.058280121819144236,0.2,0.03396506450508049
2020-08-31,183,39460.0,21410.0,228.0,21638.0,17822.0,29097348.0,899.0,595.0,5042.0,29097215.56619534,5051.772254308409,17923.745121491844,21644.916428861958,39568.661550353805,0.05429865172940548,0.2,0.04371002132196162
2020-09-01,184,40529.0,22178.0,239.0,22417.0,18112.0,29096279.0,1069.0,779.0,5000.0,29096375.551942624,5009.597501074195,18042.962212338585,22421.888343964234,40464.850556302816,0.06595968210101863,0.2,0.06205830388692579
2020-09-02,185,41649.0,23290.0,251.0,23541.0,18108.0,29095159.0,1120.0,1124.0,5193.0,29095089.633475225,5171.5236294970655,18009.243316322707,23537.59957895434,41546.84289527705,0.07646229057215002,0.2,0.050971946101170756
2020-09-03,186,42877.0,24207.0,257.0,24464.0,18413.0,29093931.0,1228.0,923.0,5537.0,29093771.267764598,5509.593464262136,18252.69048469296,24467.448286445502,42720.13877113846,0.06773667520285459,0.2,0.07429533481779178
2020-09-04,187,44236.0,25561.0,271.0,25832.0,18404.0,29092572.0,1359.0,1368.0,5675.0,29092693.94536697,5654.261997213777,18173.930650516468,25822.861985300016,43996.792635816484,0.06949259460820666,0.2,0.08557922190828081
2020-09-05,188,45277.0,27127.0,280.0,27407.0,17870.0,29091531.0,1041.0,1575.0,5817.0,29091309.5791087,5790.050567034371,17994.317822651377,27389.052501613325,45383.3703242647,0.06021668478203231,0.2,0.10201454952434247
2020-09-06,189,46257.0,28941.0,289.0,29230.0,17027.0,29090551.0,980.0,1823.0,5728.0,29090475.975447576,5718.1931238366615,17233.67447136326,29197.15695722231,46430.831428585574,0.059094227898417076,0.2,0.10260175016150819
2020-09-07,190,47236.0,30677.0,300.0,30977.0,16259.0,29089572.0,979.0,1747.0,5587.0,29089563.840756424,5583.87446324853,16441.585138828217,30946.69964150073,47388.28478032895,0.04875361860650814,0.2,0.1410295836152285
2020-09-08,191,48138.0,32964.0,306.0,33270.0,14868.0,29088670.0,902.0,2293.0,5261.0,29088808.43041944,5265.476780649221,15131.699538191067,33189.393261717305,48321.09279990837,0.05215773481461573,0.2,0.062146892655367235
2020-09-09,192,49219.0,33882.0,312.0,34194.0,15025.0,29087589.0,1081.0,924.0,4983.0,29087892.988679405,5011.667500881018,14966.976150666598,34197.36766904643,49164.34381971302,0.08010870035560137,0.2,0.12133111480865225
2020-09-10,193,50465.0,35700.0,317.0,36017.0,14448.0,29086343.0,1246.0,1823.0,5188.0,29086418.71411174,5139.484432607502,14263.273749369217,35969.52770628277,50232.80145565199,0.10480499973204442,0.2,0.0676218161683278
2020-09-11,194,51919.0,36672.0,322.0,36994.0,14925.0,29084889.0,1454.0,977.0,5662.0,29084826.79176424,5621.932881179658,14550.271347470029,36997.0040071106,51547.275354580626,0.09090905991067441,0.2,0.05802345058626466
2020-09-12,195,53120.0,37524.0,336.0,37860.0,15260.0,29083688.0,1201.0,866.0,5884.0,29083522.128560826,5874.892034815568,15204.984659800175,37867.99474455741,53072.97940435758,0.08625161169327193,0.2,0.07745740498034076
2020-09-13,196,54159.0,38697.0,345.0,39042.0,15117.0,29082649.0,1039.0,1182.0,6021.0,29082374.082329273,6008.2814463847235,15267.503655423321,39042.132568920366,54309.63622434369,0.08570538165294192,0.2,0.059138717999603095
2020-09-14,197,55329.0,39576.0,360.0,39936.0,15393.0,29081479.0,1170.0,894.0,6110.0,29081342.562614948,6114.062970581187,15427.203013148785,39945.17140132432,55372.3744144731,0.09340155660594783,0.2,0.06970700967972455
2020-09-15,198,56788.0,40638.0,371.0,41009.0,15779.0,29080020.0,1459.0,1073.0,6323.0,29080036.621134162,6309.965236715979,15556.869444478678,41014.54418464293,56571.41362912161,0.08569842979906853,0.2,0.06819190062741619
2020-09-16,199,58327.0,41706.0,379.0,42085.0,16242.0,29078481.0,1539.0,1076.0,6408.0,29078662.30875125,6407.617811517866,15969.597231328256,42091.476205902465,58061.07343723072,0.08184096523615868,0.2,0.07677625908139392
2020-09-17,200,59573.0,42949.0,383.0,43332.0,16241.0,29077235.0,1246.0,1247.0,6453.0,29077152.93686123,6450.156249874453,16279.50303429357,43333.40385460419,59612.90688889776,0.14015479464187572,0.2,0.05406071054738009
2020-09-18,201,61593.0,43820.0,390.0,44210.0,17383.0,29075215.0,2020.0,878.0,7434.0,29074930.799181964,7372.689397299211,16734.87553307009,44222.63588766583,60957.511420735915,0.08767310971040788,0.2,0.0838750503365357
2020-09-19,202,62797.0,45267.0,401.0,45668.0,17129.0,29074011.0,1204.0,1458.0,7468.0,29073692.92060666,7466.014263517485,17413.800371436886,45669.26475838313,63083.06512982001,0.07954560114897583,0.2,0.05697939167493724
2020-09-20,203,64122.0,46233.0,411.0,46644.0,17478.0,29072686.0,1325.0,976.0,7334.0,29072631.579919517,7365.109712291142,17621.05886962249,46658.251498569625,64279.31036819212,0.06203146764094967,0.2,0.058416294770568714
2020-09-21,204,65276.0,47238.0,427.0,47665.0,17611.0,29071532.0,1154.0,1021.0,6949.0,29071591.417733196,6997.024609185126,17876.47434003916,47677.08331758109,65553.55765762026,0.08535390313359997,0.2,0.046845721424109935
2020-09-22,205,66632.0,48061.0,429.0,48490.0,18142.0,29070176.0,1356.0,825.0,7059.0,29070008.234067798,7071.145110410768,18174.41583416817,48503.20498762418,66677.62082179234,0.03114829075188337,0.2,0.10472935729247052
2020-09-23,206,67804.0,49954.0,436.0,50390.0,17414.0,29069004.0,1172.0,1900.0,6211.0,29069620.348786525,6282.79200778322,17601.302633216324,50362.55657247389,67963.85920569021,0.08836458498622375,0.2,0.02721947858045251
2020-09-24,207,69301.0,50411.0,453.0,50864.0,18437.0,29067507.0,1497.0,474.0,6504.0,29067434.423863918,6508.762184680177,18201.187078799507,50874.626872601744,69075.81395140124,0.070069570936693,0.2,0.07924282692411998
2020-09-25,208,70614.0,51866.0,459.0,52325.0,18289.0,29066194.0,1313.0,1461.0,6492.0,29066223.715147886,6487.959270335681,18281.54550990064,52318.78007187725,70600.32558177788,0.07407092342458196,0.2,0.06315271474656897
2020-09-26,209,71821.0,53013.0,467.0,53480.0,18341.0,29064987.0,1207.0,1155.0,6545.0,29064837.314976968,6544.986199724274,18433.154815255555,53484.544008052355,71917.6988233079,0.08340716538919672,0.2,0.04879777547571016
2020-09-27,210,73394.0,53898.0,477.0,54375.0,19019.0,29063414.0,1573.0,895.0,6762.0,29063443.506767962,6758.063290115642,18766.146112123337,54385.283829798056,73151.4299419214,0.08072281680864624,0.2,0.039223933960776065
2020-09-28,211,74745.0,54640.0,481.0,55121.0,19624.0,29062063.0,1351.0,746.0,6941.0,29061858.059804495,6947.222229622087,19631.743264652476,55132.97470123021,74764.71796588268,0.07173927209116736,0.2,0.037759885854056256
2020-09-29,212,76258.0,55371.0,491.0,55862.0,20396.0,29060550.0,1513.0,741.0,6957.0,29060635.90499237,6976.944706940861,20262.05005483767,55874.10024585107,76136.15030068874,0.08049111165004443,0.2,0.052167091586585605
2020-09-30,213,77817.0,56428.0,498.0,56926.0,20891.0,29058991.0,1559.0,1064.0,7203.0,29058899.096209455,7192.61093886925,20738.487471543776,56934.805380132784,77673.29285167655,0.10293155038180875,0.2,0.046527212675314726
2020-10-01,214,79728.0,57389.0,509.0,57898.0,21830.0,29057080.0,1911.0,972.0,7907.0,29056820.495751977,7865.342895674668,21415.383993159678,57909.77735918891,79325.16135234859,0.1254187715422302,0.2,0.15199267063673844
2020-10-02,215,82450.0,60696.0,520.0,61216.0,21234.0,29054358.0,2722.0,3318.0,9056.0,29054448.8868364,8855.461388574367,20315.161032752614,61095.49074227407,81410.6517750267,0.12185749510049546,0.2,0.09663746821135914
2020-10-03,216,84570.0,62740.0,528.0,63268.0,21302.0,29052238.0,2120.0,2052.0,9825.0,29051789.229875065,9742.294931578814,21073.474912058686,63259.00028129846,84332.47519335715,0.12735302581244817,0.2,0.06271711576377804
2020-10-04,217,86823.0,64069.0,535.0,64604.0,22219.0,29049985.0,2253.0,1336.0,10565.0,29049491.0046274,10535.04603525043,21982.143668169065,64624.8056691801,86606.94933734917,0.13515227070507338,0.2,0.051847517890094064
2020-10-05,218,89263.0,65202.0,554.0,65756.0,23507.0,29047545.0,2440.0,1152.0,11446.0,29046923.6656003,11426.581609338997,23240.782494492545,65781.97029586729,89022.75279035984,0.08232136914852013,0.2,0.09992768111626324
2020-10-06,219,90814.0,67542.0,563.0,68105.0,22709.0,29045994.0,1551.0,2349.0,11086.0,29045619.152447797,11116.57216649188,23417.279599403155,68100.99578630934,91518.2753857125,0.1296126622928405,0.2,0.0502443964947818
2020-10-07,220,94253.0,68668.0,578.0,69246.0,25007.0,29042555.0,3439.0,1141.0,11803.0,29042988.533842828,11802.617319735353,23829.075640298277,69273.7731971401,93102.84883743837,0.18473001551736656,0.2,0.10744991402407326
2020-10-08,221,98617.0,71343.0,590.0,71933.0,26684.0,29038191.0,4364.0,2687.0,14047.0,29037967.14429224,13821.251375927715,24899.16392943305,71923.44040240016,96822.60433183321,0.09834665702016368,0.2,0.06333383300854445
2020-10-09,222,100676.0,73023.0,600.0,73623.0,27053.0,29036132.0,2059.0,1690.0,13853.0,29035522.506769463,13920.887496987361,27754.219106250162,73657.38662729929,101411.60573354946,0.19802278296335785,0.2,0.04594684508187632
2020-10-10,223,105684.0,74252.0,614.0,74866.0,30818.0,29031124.0,5008.0,1243.0,16421.0,29030629.12869143,16334.492570631905,28793.009595768024,74904.36914217037,103697.37873793839,0.12389021647238589,0.2,0.05107404763449932
2020-10-11,224,107755.0,75804.0,636.0,76440.0,31315.0,29029053.0,2071.0,1574.0,16941.0,29027214.061161935,16991.346398365647,32539.733705021903,76483.85873467833,109023.59243970024,0.12808666064543764,0.2,0.04732556282931503
2020-10-12,225,111802.0,77277.0,645.0,77922.0,33880.0,29025006.0,4047.0,1482.0,17549.0,29024934.67578398,17606.45664206092,33240.469178273626,77967.39839568417,111207.8675739578,0.08005333876483277,0.2,0.04489374262101535
2020-10-13,226,115358.0,78780.0,663.0,79443.0,35915.0,29021450.0,3556.0,1521.0,16741.0,29022228.117826145,16887.917575551626,35755.058689796904,79485.90590850753,115240.96459830443,0.10978171554136139,0.2,0.06086593345398859
2020-10-14,227,117996.0,80954.0,675.0,81629.0,36367.0,29018812.0,2638.0,2186.0,17320.0,29017458.71438282,17325.804504453517,37099.65630594098,81664.8248067839,118764.48111272488,0.06087843233451782,0.2,0.09852338658674073
2020-10-15,228,121745.0,84518.0,694.0,85212.0,36533.0,29015063.0,3749.0,3583.0,16061.0,29016612.933714837,16173.347689431543,36139.22514311968,85202.49345261112,121341.7185957308,0.15209309081730896,0.2,0.09698081186872143
2020-10-16,229,126137.0,88040.0,715.0,88755.0,37382.0,29010671.0,4392.0,3543.0,18382.0,29009543.80266716,18151.590430022396,36427.23688285973,88746.3700199576,125173.60690281732,0.0751313095203907,0.2,0.04847252688459686
2020-10-17,230,129304.0,89840.0,727.0,90567.0,38737.0,29007504.0,3167.0,1812.0,17502.0,29007808.091375757,17646.693698344352,39125.02739609766,90610.18752980078,129735.21492589844,0.07484488813234554,0.2,0.06035573224565661
2020-10-18,231,132246.0,92166.0,739.0,92905.0,39341.0,29004562.0,2942.0,2338.0,16888.0,29004576.67120122,16983.826480881347,39811.230112725534,92938.27220517008,132749.50231789562,0.11566184551182943,0.2,0.059810375943671994
2020-10-19,232,136036.0,94501.0,757.0,95258.0,40778.0,29000772.0,3790.0,2353.0,18040.0,28999970.69060507,17989.930297007853,40445.134006783446,95290.24509113871,135735.37909792215,0.07273155029672357,0.2,0.051890725391142284
2020-10-20,233,139129.0,96609.0,765.0,97374.0,41755.0,28997679.0,3093.0,2116.0,17384.0,28997768.491432168,17493.66925158456,42174.806370988605,97411.03294525945,139585.83931624805,0.11617682850174735,0.2,0.07237456592024907
2020-10-21,234,144872.0,99605.0,791.0,100396.0,44476.0,28991936.0,5743.0,3022.0,18735.0,28992821.035154123,18636.75304560529,42319.075126061856,100415.13667421178,142734.21180027362,0.09528897037890746,0.2,0.07275834157747998
2020-10-22,235,148509.0,102820.0,812.0,103632.0,44877.0,28988299.0,3637.0,3236.0,19205.0,28987694.2399563,19184.177144230805,45013.3446404687,103651.23825899922,148664.5828994679,0.1209005574356513,0.2,0.059830202553646634
2020-10-23,236,153008.0,105488.0,829.0,106317.0,46691.0,28983800.0,4499.0,2685.0,20762.0,28982827.38232703,20685.16513469934,46146.57774299961,106353.87479526848,152500.4525382681,0.055707933210767654,0.2,0.06123235741363432
2020-10-24,237,155233.0,108334.0,842.0,109176.0,46057.0,28981575.0,2225.0,2859.0,19197.0,28981180.27058374,19373.836640829533,47804.03890461777,109211.85387081254,157015.89277543031,0.07863506979516466,0.2,0.07254054758234361
2020-10-25,238,158089.0,111670.0,847.0,112517.0,45572.0,28978719.0,2856.0,3341.0,18960.0,28977954.348173987,18999.285120784698,46517.22951234776,112534.13719288178,159051.36670522954,0.0,0.2,0.08821206003686474
2020-10-26,239,159830.0,115675.0,862.0,116537.0,43293.0,28976978.0,1741.0,4020.0,14958.0,28978719.0,15523.184000000001,45008.9296167323,116516.8863832677,161525.816,0.0,0.2,0.0734991800060056
2020-10-27,240,160400.0,118843.0,876.0,119719.0,40681.0,28976408.0,570.0,3182.0,11891.0,28976978.0,12246.6132,42836.043840539416,119705.34295946058,162541.3868,0.0,0.2,0.07354784788967823
2020-10-28,241,162354.0,121824.0,887.0,122711.0,39643.0,28974454.0,1954.0,2992.0,9346.0,28976408.0,9735.558066666666,39871.90223356934,122683.53969976399,162555.44193333332,0.05094096428114037,0.2,0.07706278535933204
2020-10-29,242,164718.0,124862.0,904.0,125766.0,38952.0,28972090.0,2364.0,3055.0,9485.0,28972474.952502653,9444.68401995455,38512.60927302314,125721.75420436835,164234.36347739148,0.06604393253800678,0.2,0.10556582460464162
2020-10-30,243,168235.0,128958.0,920.0,129878.0,38357.0,28968573.0,3517.0,4112.0,10146.0,28969601.088652875,10019.410465930472,36905.38943505717,129767.11144613744,166672.5008811946,0.07332270335760101,0.2,0.059467633026566206
2020-10-31,244,170743.0,131222.0,937.0,132159.0,38584.0,28966065.0,2508.0,2281.0,10913.0,28965784.20146688,10834.243697472843,38182.483069862916,132153.07176578426,170335.55483564717,0.11566327820305643,0.2,0.09441737507775244
2020-11-01,245,173567.0,134842.0,960.0,135802.0,37765.0,28963241.0,2824.0,3643.0,13167.0,28961702.269035395,12886.780772027238,37390.336052436876,135741.61414014144,173131.9501925783,0.0962279333501328,0.2,0.0840460744075202
2020-11-02,246,176500.0,137992.0,984.0,138976.0,37524.0,28960308.0,2933.0,3174.0,14146.0,28959651.110540647,14033.249134936652,37334.22349855021,138956.41682586697,176290.64032441718,0.09596561154950041,0.2,0.08426606971538216
2020-11-03,247,179614.0,141134.0,1004.0,142138.0,37476.0,28957194.0,3114.0,3162.0,14896.0,28956742.265489034,14813.162134135673,37272.27435295432,142126.29802387644,179398.57237683077,0.07440466000380343,0.2,0.10337282527484257
2020-11-04,248,182923.0,144978.0,1034.0,146012.0,36911.0,28953885.0,3309.0,3874.0,14688.0,28954455.417170633,14676.937663162911,36605.061307318334,145966.58385888507,182571.6451662034,0.09489283714146832,0.2,0.09341388745902306
2020-11-05,249,185974.0,148408.0,1052.0,149460.0,36514.0,28950834.0,3051.0,3448.0,15231.0,28950426.395946674,15159.557457839024,36471.63187376905,149438.41472171884,185910.0465954879,0.0863042713156117,0.2,0.12373336254587282
2020-11-06,250,188883.0,152908.0,1070.0,153978.0,34905.0,28947925.0,2909.0,4518.0,15316.0,28947763.413648997,15251.289510410572,35133.52113987669,153890.77570071587,189024.29684059255,0.08314031399005209,0.2,0.06368715083798883
2020-11-07,251,191636.0,155114.0,1087.0,156201.0,35435.0,28945172.0,2753.0,2223.0,15136.0,28945008.38641485,15184.146737839932,35704.591068235604,156226.87577907706,191931.46684731267,0.07755822527149243,0.2,0.07994920276562721
2020-11-08,252,194453.0,157926.0,1108.0,159034.0,35419.0,28942355.0,2817.0,2833.0,14839.0,28942435.34334826,14872.858125649287,35594.96451271812,159040.8340133725,194635.79852609063,0.06337788201623189,0.2,0.05127191620316779
2020-11-09,253,197024.0,159724.0,1126.0,160850.0,36174.0,28939784.0,2571.0,1816.0,14101.0,28940091.057962857,14202.085828344167,36475.97803793691,160877.8781708633,197353.8562088002,0.06972564743874929,0.2,0.024188643777298614
2020-11-10,254,199760.0,160577.0,1148.0,161725.0,38035.0,28937048.0,2736.0,875.0,13786.0,28937212.706239197,13877.403504710983,38070.76555676097,161748.12469932903,199818.89025609,0.06399070758286023,0.2,0.0444853424477455
2020-11-11,255,202329.0,162243.0,1174.0,163417.0,38912.0,28934479.0,2569.0,1692.0,13446.0,28934598.192733027,13508.377877127077,39047.53225026972,163439.89713957589,202487.4293898456,0.0478549246643325,0.2,0.06075246710526316
2020-11-12,256,204242.0,164592.0,1189.0,165781.0,38461.0,28932566.0,1913.0,2364.0,12606.0,28932623.524241626,12690.54449011952,39150.8323391211,165789.09892913295,204939.93126825406,0.04752902776877308,0.2,0.09230129221809105
2020-11-13,257,206353.0,168129.0,1202.0,169331.0,37022.0,28930455.0,2111.0,3550.0,11900.0,28930775.45189902,11943.036064590651,37412.615574637835,169282.89646175195,206695.5120363898,0.04774236760872185,0.2,0.06795959159418724
2020-11-14,258,208299.0,170632.0,1215.0,171847.0,36452.0,28928509.0,1946.0,2516.0,11275.0,28928704.128709365,11329.66620034115,36833.04812515324,171841.15696513964,208674.20509029287,0.027520346562571858,0.2,0.07692307692307693
2020-11-15,259,209776.0,173430.0,1221.0,174651.0,35125.0,28927032.0,1477.0,2804.0,10016.0,28927521.39928827,10126.050856772079,35808.148583006194,174627.40127195048,210435.54985495668,0.018100424213975553,0.2,0.08378647686832741
2020-11-16,260,210973.0,176364.0,1230.0,177594.0,33379.0,28925835.0,1197.0,2943.0,8644.0,28926409.786007512,8764.089182365493,34097.99129555203,177552.1335145698,211650.12481012184,0.009590398181926621,0.2,0.08673117828574853
2020-11-17,261,211475.0,179242.0,1247.0,180489.0,30986.0,28925333.0,502.0,2895.0,7233.0,28925523.012915123,7359.716829912097,32133.207694683224,180436.06256028137,212569.2702549646,0.02527867696445607,0.2,0.11456786936035629
2020-11-18,262,212917.0,182780.0,1259.0,184039.0,28878.0,28923891.0,1442.0,3550.0,6564.0,28924581.350001816,6602.3627449196765,28936.712968800075,183920.5742844658,212857.28725326588,0.05127154291990288,0.2,0.09955675600803379
2020-11-19,263,215020.0,185638.0,1276.0,186914.0,28106.0,28921788.0,2103.0,2875.0,6721.0,28922459.49184244,6670.443329196625,27402.89623425775,186839.16859410435,214242.0648283621,0.0649566947092454,0.2,0.19163168006831283
2020-11-20,264,216965.0,191002.0,1298.0,192300.0,24665.0,28919843.0,1945.0,5386.0,7189.0,28920097.459772013,7031.2934684806805,24461.68228769901,191938.56447180768,216400.2467595067,0.07821469214075095,0.2,0.09446584228664098
2020-11-21,265,218639.0,193325.0,1305.0,194630.0,24009.0,28918169.0,1674.0,2330.0,7666.0,28917960.729666267,7590.872343646163,23854.906761096765,194590.4912289915,218445.39799008827,0.11331647129553932,0.2,0.23803573659877547
2020-11-22,266,220308.0,199024.0,1321.0,200345.0,19963.0,28916500.0,1669.0,5715.0,8833.0,28915683.059341274,8523.180173198056,20376.016425960617,199891.74405956754,220267.76048552815,0.11632310796847495,0.2,0.15323348194159195
2020-11-23,267,222288.0,202067.0,1337.0,203404.0,18884.0,28914520.0,1980.0,3059.0,9371.0,28914264.677857682,9255.765628835195,18808.39747151792,203312.1590419657,222120.55651348364,0.08330873421078376,0.2,0.14906799406905316
2020-11-24,268,224078.0,204858.0,1361.0,206219.0,17859.0,28912730.0,1790.0,2815.0,9058.0,28912996.710131224,9051.81961267185,17979.753668529895,206150.71658757498,224130.47025610486,0.10239450263401462,0.2,0.1773895514866454
2020-11-25,269,226026.0,207998.0,1389.0,209387.0,16639.0,28910782.0,1948.0,3168.0,9061.0,28910980.57646971,8999.705989919363,16612.41278249162,209273.30475788156,225885.71754037318,0.106130103425326,0.2,0.0877456577919346
2020-11-26,270,227640.0,209435.0,1412.0,210847.0,16793.0,28909168.0,1614.0,1460.0,9001.0,28909012.003166556,9023.283413493935,16971.839269951553,210861.87414999778,227833.71341994934,0.1100841466814138,0.2,0.0013696182933365093
2020-11-27,271,229343.0,209435.0,1435.0,210870.0,18473.0,28907465.0,1703.0,23.0,9035.0,28907236.55817377,9122.910261170407,18578.311389483573,210871.22017557643,229449.53156506,0.06585697880285815,0.2,0.09581551453472635
2020-11-28,272,230723.0,211186.0,1454.0,212640.0,18083.0,28906085.0,1380.0,1770.0,8435.0,28906258.06295611,8491.12935465698,18453.863061559783,212639.94462767293,231093.80768923272,0.06421473483213971,0.2,0.07902449814743129
2020-11-29,273,231978.0,212590.0,1479.0,214069.0,17909.0,28904830.0,1255.0,1429.0,7900.0,28904926.06547216,7956.594811435599,18282.708952087105,214077.63076431936,232360.33971640645,0.062252291613284605,0.2,0.10944217990954269
2020-11-30,274,233452.0,214521.0,1508.0,216029.0,17423.0,28903356.0,1474.0,1960.0,7426.0,28903736.250483967,7458.919357399892,17505.503203887558,216007.32695474406,233512.8301586316,0.0,0.2,0.1201859610859209
2020-12-01,275,233452.0,216594.0,1529.0,218123.0,15329.0,28903356.0,0.0,2094.0,5812.0,28903356.0,6079.913733333333,16715.72298807855,218082.3632785881,234798.08626666665,0.14818975015426927,0.2,0.10281166416595995
2020-12-02,276,236246.0,218161.0,1538.0,219699.0,16547.0,28900562.0,2794.0,1576.0,6903.0,28901127.204398256,6777.816678646643,15033.126831043888,219681.85209205208,234714.97892309597,0.08186276556273041,0.2,0.1283616365504321
2020-12-03,277,237589.0,220272.0,1551.0,221823.0,15766.0,28899219.0,1343.0,2124.0,6866.0,28899247.4944293,6842.225093108614,15844.226496514199,221777.05398107742,237621.28047759162,0.08890201979477459,0.2,0.10091335785868324
2020-12-04,278,238861.0,221847.0,1567.0,223414.0,15447.0,28897947.0,1272.0,1591.0,6883.0,28897838.08857392,6872.710697343644,15559.793181891566,223403.40754684352,238963.20072873507,0.06048158045150043,0.2,0.14345827668803005
2020-12-05,279,239885.0,224053.0,1577.0,225630.0,14255.0,28896923.0,1024.0,2216.0,6433.0,28897045.27707692,6451.853101105237,14623.33067460979,225570.53914736508,240193.86982197486,0.16852886162869968,0.2,0.12409680813749562
2020-12-06,280,240981.0,225805.0,1594.0,227399.0,13582.0,28895827.0,1096.0,1769.0,7529.0,28894573.69519404,7395.216774202908,13897.737681746956,227374.3503500088,241272.08803175576,0.0,0.2,0.12133706376085997
2020-12-07,281,241995.0,227433.0,1614.0,229047.0,12948.0,28894813.0,1014.0,1648.0,5749.0,28895827.0,6164.243266666666,13312.646506409195,229033.11022692412,242345.7567333333,0.09258234775409929,0.2,0.12696941612604262
2020-12-08,282,243377.0,229054.0,1637.0,230691.0,12686.0,28893431.0,1382.0,1644.0,5788.0,28893645.906105366,5764.025271607927,12486.053555094395,230661.01506793132,243147.06862302573,0.0748487581171638,0.2,0.11800409900677912
2020-12-09,283,244433.0,230537.0,1651.0,232188.0,12245.0,28892375.0,1056.0,1497.0,5572.0,28892502.037361667,5580.395268269742,12345.635099653862,232167.93227041038,244513.56737006424,0.10767339834355304,0.2,0.08787260106165783
2020-12-10,284,245650.0,231601.0,1663.0,233264.0,12386.0,28891158.0,1217.0,1076.0,5765.0,28891064.99739093,5749.365646455431,12299.470553196083,233266.1664094188,245565.6369626149,0.08964648507378736,0.2,0.10350395607944453
2020-12-11,285,246694.0,232872.0,1674.0,234546.0,12148.0,28890114.0,1044.0,1282.0,5713.0,28890062.712429736,5712.520486794913,12258.394438461099,234539.37264500937,246797.76708347048,0.08531237431913506,0.2,0.11310503786631544
2020-12-12,286,247593.0,234231.0,1689.0,235920.0,11673.0,28889215.0,899.0,1374.0,5598.0,28889096.159148116,5599.6312706367025,11918.234525880993,235906.97505536675,247825.20958124773,0.04904176956805942,0.2,0.12927268054484709
2020-12-13,287,248423.0,235731.0,1698.0,237429.0,10994.0,28888385.0,830.0,1509.0,5046.0,28888657.306634437,5088.421642124192,11257.594817582352,237402.67690585623,248660.27172343858,0.07102580147629288,0.2,0.07822448608331817
2020-12-14,288,249244.0,236573.0,1716.0,238289.0,10955.0,28887564.0,821.0,860.0,4811.0,28887606.198553067,4837.315495136929,11116.362892316403,238294.1230594794,249410.4859517958,0.06271816002451679,0.2,0.18347786398904609
2020-12-15,289,250180.0,238569.0,1730.0,240299.0,9881.0,28886628.0,936.0,2010.0,4530.0,28886914.043651145,4527.069865616693,9971.054778192687,240206.83170504644,250177.88648323913,0.06104434078805642,0.2,0.0013156563100900718
2020-12-16,290,250916.0,238569.0,1743.0,240312.0,10604.0,28885892.0,736.0,13.0,4222.0,28886003.55915023,4275.610851688687,10746.255050277925,240312.57494780383,251058.82999808175,0.06862187934856698,0.2,0.16974726518294983
2020-12-17,291,251692.0,240363.0,1749.0,242112.0,9580.0,28885116.0,776.0,1800.0,4099.0,28885201.64226687,4081.459912548954,9712.33229745282,242034.56552312872,251746.89782058154,0.08126567019776439,0.2,0.10908141962421712
2020-12-18,292,252474.0,241392.0,1765.0,243157.0,9317.0,28884334.0,782.0,1045.0,4051.0,28884353.091832567,4047.169288293227,9361.764580877112,243144.9742982621,252506.73887913921,0.07570157896920925,0.2,0.12740152409573896
2020-12-19,293,253184.0,242567.0,1777.0,244344.0,8840.0,28883624.0,710.0,1187.0,3940.0,28883648.638058633,3937.4387675185094,8952.40161193777,244320.52156191153,253272.9231738493,0.05021005542763437,0.2,0.1253393665158371
2020-12-20,294,253772.0,243664.0,1788.0,245452.0,8320.0,28883036.0,588.0,1108.0,3592.0,28883192.181752868,3616.931060007724,8507.482199867336,245431.40498725837,253938.8871871257,0.0878322980765489,0.2,0.13052884615384616
2020-12-21,295,254514.0,244743.0,1795.0,246538.0,7976.0,28882294.0,742.0,1086.0,3598.0,28882326.945373293,3583.071019895132,7974.975908723425,246515.0076980875,254489.9836068109,0.08418572486550083,0.2,0.12148946840521564
2020-12-22,296,255236.0,245709.0,1798.0,247507.0,7729.0,28881572.0,722.0,969.0,3544.0,28881638.557700288,3539.546276806003,7735.673073511975,247492.222949393,255227.89602290498,0.08742647742730089,0.2,0.12381938155000646
2020-12-23,297,255979.0,246661.0,1803.0,248464.0,7515.0,28880829.0,743.0,957.0,3505.0,28880912.65105806,3498.866984861911,7491.403515516768,248449.0784415604,255940.4819570772,0.08108495326066108,0.2,0.09900199600798404
2020-12-24,298,256592.0,247400.0,1808.0,249208.0,7384.0,28880216.0,613.0,744.0,3408.0,28880226.921441443,3415.2842063429584,7465.153430355219,249205.6409218574,256670.79435221263,0.09586044206142302,0.2,0.1218851570964247
2020-12-25,299,257200.0,248292.0,1816.0,250108.0,7092.0,28879608.0,608.0,900.0,3428.0,28879524.33354913,3416.8265330747067,7179.571873124904,250095.2680446697,257274.8399177946,0.06310641203084089,0.2,0.1188663282571912
2020-12-26,300,257700.0,249132.0,1819.0,250951.0,6749.0,28879108.0,500.0,843.0,3186.0,28879169.60619025,3203.7885978957684,6921.492527736931,250941.11268411885,257862.6052118558,0.05922884181069,0.2,0.10920136316491331
2020-12-27,301,258181.0,249863.0,1825.0,251688.0,6493.0,28878627.0,481.0,737.0,2945.0,28878715.06634366,2964.5112687171245,6632.493374839952,251681.92901277973,258314.42238761968,0.07847140092819409,0.2,0.11165870937933159
2020-12-28,302,258840.0,250581.0,1832.0,252413.0,6427.0,28877968.0,659.0,725.0,2861.0,28878127.309411332,2863.8948657986703,6356.4119385682425,252405.38378429943,258761.79572286765,0.10474253463201257,0.2,0.11498366267309787
2020-12-29,303,259548.0,251312.0,1840.0,253152.0,6396.0,28877260.0,708.0,739.0,2956.0,28877308.855287846,2939.5621640186605,6277.496364840348,253143.08618329407,259420.5825481344,0.07796151589876868,0.2,0.09490306441525953
2020-12-30,304,260059.0,251912.0,1847.0,253759.0,6300.0,28876749.0,511.0,607.0,2859.0,28876766.627975274,2867.308143899061,6372.075662817257,253757.98821800904,260130.0638808263,0.09702471902771086,0.2,0.07238095238095238
2020-12-31,305,260593.0,252359.0,1856.0,254215.0,6378.0,28876215.0,534.0,456.0,2893.0,28876137.660307813,2895.004087016723,6415.160876613095,254219.1747285552,260634.33560516828,0.08283556301440205,0.2,0.11853245531514581
2021-01-01,306,261019.0,253107.0,1864.0,254971.0,6048.0,28875789.0,426.0,756.0,2838.0,28875698.555725396,2836.450556146911,6205.318846366033,254960.674872092,261165.99371845802,0.05465629931935944,0.2,0.125
2021-01-02,307,261438.0,253857.0,1870.0,255727.0,5711.0,28875370.0,419.0,756.0,2598.0,28875466.701071493,2615.5132381493186,5849.014781409509,255714.7709089492,261563.7856903587,0.04109717450924257,0.2,0.11293994046576782
2021-01-03,308,261859.0,254494.0,1878.0,256372.0,5487.0,28874949.0,421.0,645.0,2311.0,28875140.22204954,2335.236749527616,5566.364211521343,256364.17698940923,261930.54120093057,0.06513798847094253,0.2,0.1095316201931839
2021-01-04,309,262262.0,255088.0,1885.0,256973.0,5289.0,28874546.0,403.0,601.0,2203.0,28874599.342208102,2208.8610981164616,5345.500236126525,256965.29645765419,262310.7966937807,0.08177214825884996,0.2,0.11079599168084704
2021-01-05,310,262784.0,255666.0,1893.0,257559.0,5225.0,28874024.0,522.0,586.0,2191.0,28874123.12072727,2186.767329128241,5149.929329391999,257551.18261420992,262701.1119436019,0.08134609821852135,0.2,0.09588516746411484
2021-01-06,311,263193.0,256161.0,1899.0,258060.0,5133.0,28873615.0,409.0,501.0,2174.0,28873605.30100951,2173.2500667892946,5163.420160257403,258057.02876344274,263220.44892370014,0.08410277520985954,0.2,0.09487629066822521
2021-01-07,312,263605.0,256644.0,1903.0,258547.0,5058.0,28873203.0,412.0,487.0,2167.0,28873189.332269367,2165.658895250143,5082.432601420931,258544.57623396366,263627.00883538456,0.11300337839979215,0.2,0.11684460260972716
2021-01-08,313,264159.0,257229.0,1909.0,259138.0,5021.0,28872649.0,554.0,591.0,2300.0,28872644.65521357,2280.0043170287286,4920.739905576639,259129.6005638251,264050.34046940174,0.08421300069407685,0.2,0.13981278629755028
2021-01-09,314,264521.0,257928.0,1912.0,259840.0,4681.0,28872287.0,362.0,702.0,2259.0,28872239.764564823,2253.697628899133,4790.892671573317,259823.64513470337,264614.5378062767,0.04070278584115791,0.2,0.11066011535996582
2021-01-10,315,264780.0,258441.0,1917.0,260358.0,4422.0,28872028.0,259.0,518.0,1996.0,28872099.8147799,2019.1193611874037,4594.494575398659,260353.57128351266,264948.0658589113,0.10913285465358218,0.2,0.12143826322930801
2021-01-11,316,265268.0,258968.0,1927.0,260895.0,4373.0,28871540.0,488.0,537.0,2075.0,28871556.713865552,2061.1292856321475,4298.916531469698,260887.24031734522,265186.1568488149,0.09992644600196482,0.2,0.09032700663160302
2021-01-12,317,265698.0,259358.0,1932.0,261290.0,4408.0,28871110.0,430.0,395.0,2093.0,28871105.985508382,2092.264507561865,4393.821548109382,261290.92843594804,265684.74998405745,0.0708823090976656,0.2,0.09505444646098003
2021-01-13,318,266143.0,259772.0,1937.0,261709.0,4434.0,28870665.0,445.0,419.0,1984.0,28870800.651655167,1993.9717434843167,4397.714938234187,261708.66166311243,266106.3766013466,0.09964723516447692,0.2,0.09269282814614344
2021-01-14,319,266546.0,260177.0,1943.0,262120.0,4426.0,28870262.0,403.0,411.0,2025.0,28870227.759278134,2020.6371670203187,4424.125488362399,262119.4780664854,266543.6035548478,0.09485782621323058,0.2,0.08924536827835518
2021-01-15,320,266816.0,260567.0,1948.0,262515.0,4301.0,28869992.0,270.0,395.0,2036.0,28869845.51401982,2035.4250493447507,4436.596630793132,262515.4643000426,266952.0609308357,0.03735673653335219,0.2,0.11229946524064172
2021-01-16,321,267056.0,261044.0,1954.0,262998.0,4058.0,28869752.0,240.0,483.0,1788.0,28869834.435209643,1809.6956722970244,4206.828908125305,262993.0402099331,267199.8691180584,0.048149549626504626,0.2,0.09980285855101036
2021-01-17,322,267322.0,261444.0,1959.0,263403.0,3919.0,28869486.0,266.0,405.0,1624.0,28869559.73680564,1638.107337947168,3997.9510371912593,263400.2048192224,267398.15585641365,0.051969533557319175,0.2,0.09696351109977035
2021-01-18,323,267644.0,261818.0,1965.0,263783.0,3861.0,28869164.0,322.0,380.0,1501.0,28869285.773739036,1511.0455736812528,3855.1428130602644,263780.0378742225,267635.18068728276,0.06409563119602939,0.2,0.11525511525511525
2021-01-19,324,267992.0,262259.0,1969.0,264228.0,3764.0,28868816.0,348.0,445.0,1446.0,28868923.33946682,1446.9004533482453,3718.996688121077,264219.76339171105,267938.7600798321,0.09041717855581803,0.2,0.10334750265674814
2021-01-20,325,268310.0,262642.0,1975.0,264617.0,3693.0,28868498.0,318.0,389.0,1494.0,28868482.996430352,1485.5759453530611,3673.2664863614227,264612.1611379325,268285.42762429395,0.10789855285969437,0.2,0.062279989168697536
2021-01-21,326,268646.0,262868.0,1979.0,264847.0,3799.0,28868162.0,336.0,230.0,1590.0,28868099.274167735,1584.6878079890112,3768.749334438453,264849.28868983645,268618.0380242749,0.0940495683917182,0.2,0.1281916293761516
2021-01-22,327,268948.0,263348.0,1986.0,265334.0,3614.0,28867860.0,302.0,487.0,1626.0,28867815.45990766,1615.644492763527,3643.1553794893666,265323.74022008805,268966.8955995774,0.0656865648988248,0.2,0.10902047592695074
2021-01-23,328,269180.0,263734.0,1994.0,265728.0,3452.0,28867628.0,232.0,394.0,1536.0,28867627.143146746,1542.2343953816464,3540.546053924223,265724.0764039469,269264.62245787116,0.0670154129757729,0.2,0.11877172653534183
2021-01-24,329,269450.0,264137.0,2001.0,266138.0,3312.0,28867358.0,270.0,410.0,1458.0,28867402.245201085,1462.078873136243,3347.837228217783,266131.83869756106,269479.67592577887,0.09526504557023609,0.2,0.12409420289855072
2021-01-25,330,269789.0,264538.0,2011.0,266549.0,3240.0,28867019.0,339.0,411.0,1479.0,28867050.758665893,1472.016347180311,3201.268300077483,266541.9566868502,269743.22498692764,0.08186916948754255,0.2,0.08981481481481482
2021-01-26,331,270092.0,264823.0,2017.0,266840.0,3252.0,28866716.0,303.0,291.0,1446.0,28866756.094723865,1449.1887755834543,3241.598601987703,266840.1178985651,270081.7165005528,0.08386473913028654,0.2,0.07656826568265683
2021-01-27,332,270375.0,265069.0,2020.0,267089.0,3286.0,28866433.0,283.0,249.0,1427.0,28866444.219705228,1430.2590344087778,3289.063777120631,267090.45748324133,270379.52126036194,0.0818305578328114,0.2,0.09007912355447352
2021-01-28,333,270588.0,265365.0,2020.0,267385.0,3203.0,28866220.0,213.0,296.0,1408.0,28866167.066495076,1409.3423843197786,3274.1080873877413,267384.48303321726,270658.591120605,0.05313157457096981,0.2,0.10552606931002186
2021-01-29,334,270745.0,265698.0,2025.0,267723.0,3022.0,28866063.0,157.0,338.0,1295.0,28866053.018471055,1304.0672075721318,3139.157974829295,267719.7563465428,270858.9143213721,0.009686300874397032,0.2,0.11647915287888816
2021-01-30,335,270854.0,266048.0,2027.0,268075.0,2779.0,28865954.0,109.0,352.0,1065.0,28866034.49724283,1086.0771647968609,2913.4609207481367,268068.96467162453,270982.42559237266,0.005448271849653044,0.2,0.1043540842029507
2021-01-31,336,270959.0,266336.0,2029.0,268365.0,2594.0,28865849.0,105.0,290.0,867.0,28865939.233704783,885.3268764547479,2687.95763823183,268360.48178052943,271048.43941876123,0.019222709990188453,0.2,0.1017733230531997
2021-02-01,337,271118.0,266600.0,2029.0,268629.0,2489.0,28865690.0,159.0,264.0,743.0,28865800.50726018,753.7645186111056,2496.5765194662263,268624.1517017434,271120.72822120966,0.043230706888611393,0.2,0.10445962233828847
2021-02-02,338,271289.0,266859.0,2030.0,268889.0,2400.0,28865519.0,171.0,260.0,701.0,28865585.76193641,702.7220048872118,2379.276420168787,268883.2396385337,271262.5160587025,0.0526569486128646,0.2,0.08625
2021-02-03,339,271431.0,267065.0,2031.0,269096.0,2335.0,28865377.0,142.0,207.0,686.0,28865395.51934974,685.7948165012784,2334.5280919429165,269093.1577418184,271427.6858337613,0.08611269620742937,0.2,0.0980728051391863
2021-02-04,340,271602.0,267292.0,2033.0,269325.0,2277.0,28865206.0,171.0,229.0,748.0,28865181.43394144,738.7915492177749,2252.951320993426,269320.82318834914,271573.77450934256,0.06631868005212424,0.2,0.12033377250768555
2021-02-05,341,271707.0,267564.0,2035.0,269599.0,2108.0,28865101.0,105.0,274.0,748.0,28865060.332426578,744.3182172125981,2159.5511220753383,269591.79823413596,271751.3493562113,0.042904840698523884,0.2,0.11764705882352941
2021-02-06,342,271806.0,267812.0,2035.0,269847.0,1959.0,28865002.0,99.0,248.0,688.0,28865013.49150921,691.6610940833372,2009.636028266088,269841.2113684395,271850.8473967056,0.04410722234329482,0.2,0.13425216947422156
2021-02-07,343,271925.0,268072.0,2038.0,270110.0,1815.0,28864883.0,119.0,263.0,636.0,28864919.092759397,638.3490875342661,1836.8311017520193,270101.72705131845,271938.55815307045,0.06406901104600338,0.2,0.11074380165289256
2021-02-08,344,272055.0,268266.0,2045.0,270311.0,1744.0,28864753.0,130.0,201.0,624.0,28864770.08413402,622.9851585672062,1743.9156600685417,270307.01504734484,272050.9307074134,0.06586730707660254,0.2,0.09575688073394495
2021-02-09,345,272215.0,268431.0,2047.0,270478.0,1737.0,28864593.0,160.0,167.0,613.0,28864640.557802055,612.7587429944908,1702.675690176796,270476.0077647732,272178.68345495,0.08810000170306442,0.2,0.06793321819228555
2021-02-10,346,272349.0,268549.0,2047.0,270596.0,1753.0,28864459.0,134.0,118.0,642.0,28864441.12512315,639.5418643484189,1744.1187472246977,270596.2142652765,272340.3330125012,0.0635719755101498,0.2,0.06617227609811752
2021-02-11,347,272430.0,268660.0,2052.0,270712.0,1718.0,28864378.0,81.0,116.0,624.0,28864348.253083095,626.0105210423376,1763.3716584897122,270712.36473737325,272475.73639586294,0.07802875623318935,0.2,0.08032596041909197
2021-02-12,348,272557.0,268796.0,2054.0,270850.0,1707.0,28864251.0,127.0,138.0,632.0,28864245.678581286,630.8027020169023,1706.015722437935,270849.50299425767,272555.5187166956,0.031578348666446036,0.2,0.07791446983011131
2021-02-13,349,272614.0,268929.0,2054.0,270983.0,1631.0,28864194.0,57.0,133.0,559.0,28864197.771540772,565.6763391817701,1693.9792435527827,270982.5728764918,272676.5521200446,0.034535263599435,0.2,0.08031882280809319
2021-02-14,350,272718.0,269060.0,2054.0,271114.0,1604.0,28864090.0,104.0,131.0,503.0,28864138.57944759,507.8894435789313,1607.4218017422497,271113.1093070883,272720.53110883053,0.05575880532046374,0.2,0.09039900249376559
2021-02-15,351,272840.0,269204.0,2055.0,271259.0,1581.0,28863968.0,122.0,145.0,491.0,28864002.61189557,490.98903314867755,1560.3822053225276,271257.0168659585,272817.399071281,0.07802347226495737,0.2,0.06261859582542695
2021-02-16,352,272945.0,269303.0,2055.0,271358.0,1587.0,28863863.0,105.0,99.0,515.0,28863845.772806294,512.7780441949227,1582.4269089440859,271358.0222405678,272940.4491495119,0.06424390994541851,0.2,0.0573408947700063
2021-02-17,353,273070.0,269394.0,2055.0,271449.0,1621.0,28863738.0,125.0,91.0,513.0,28863761.62908442,513.534653242902,1598.5019106870973,271449.33435164957,273047.83626233664,0.08817990709398658,0.2,0.0703269586674892
2021-02-18,354,273166.0,269505.0,2058.0,271563.0,1603.0,28863642.0,96.0,114.0,552.0,28863596.7816337,547.990661210115,1613.5346744332708,271562.693030654,273176.2277050873,0.06511452237237872,0.2,0.07298814722395508
2021-02-19,355,273263.0,269619.0,2061.0,271680.0,1583.0,28863545.0,97.0,117.0,545.0,28863538.822216265,545.4474370486604,1595.981581953447,271679.7487647347,273275.7303466882,0.04782694612264362,0.2,0.08591282375236892
2021-02-20,356,273351.0,269755.0,2061.0,271816.0,1535.0,28863457.0,88.0,136.0,511.0,28863470.672143195,513.5548070225959,1553.9916959006978,271814.7813538825,273368.7730497832,0.05076946033333082,0.2,0.07882736156351791
2021-02-21,357,273431.0,269876.0,2061.0,271937.0,1494.0,28863377.0,80.0,121.0,486.0,28863380.300066225,487.8730225591877,1514.6105340422407,271936.21637717413,273450.82691121637,0.06567657517682668,0.2,0.060240963855421686
2021-02-22,358,273556.0,269966.0,2061.0,272027.0,1529.0,28863252.0,125.0,90.0,486.0,28863279.5703261,486.21508572647724,1501.001774896204,272027.2128132781,273528.2145881743,0.07341655686677931,0.2,0.06932635709614127
2021-02-23,359,273666.0,270068.0,2065.0,272133.0,1533.0,28863142.0,110.0,106.0,500.0,28863141.081680413,498.4251997205388,1521.761425016097,272132.73169484996,273654.49311986606,0.06387456353577861,0.2,0.4500978473581213
2021-02-24,360,273760.0,270139.0,2684.0,272823.0,937.0,28863048.0,94.0,690.0,497.0,28863061.205726042,482.11775337232933,1056.95356410824,272707.72295647603,273764.67652058427,0.13294602273625702,0.2,0.09071504802561366
2021-02-25,361,273872.0,270223.0,2685.0,272908.0,964.0,28862936.0,112.0,85.0,521.0,28862923.58029176,519.7078371148341,953.0092941826384,272908.7025769439,273861.71187112655,0.14262693170437515,0.2,0.14522821576763487
2021-02-26,362,273984.0,270277.0,2771.0,273048.0,936.0,28862824.0,112.0,140.0,553.0,28862802.079609573,547.8695917825331,933.3936903088187,273045.6571083361,273979.05079864495,0.07182928301978192,0.2,0.053418803418803416
2021-02-27,363,274065.0,270325.0,2773.0,273098.0,967.0,28862743.0,81.0,50.0,509.0,28862755.37718767,515.0147439634436,991.0893792488256,273099.5186891174,274090.60806836624,0.07286740750325821,0.2,0.08583247156153051
2021-02-28,364,274143.0,270407.0,2774.0,273181.0,962.0,28862665.0,78.0,83.0,477.0,28862672.61124728,480.54793946308087,982.1406184199273,273181.70019483735,274163.84081325727,0.07807345648637852,0.2,0.06964656964656965
2021-03-01,365,274216.0,270471.0,2777.0,273248.0,968.0,28862592.0,73.0,67.0,456.0,28862589.576010425,458.92542398975354,987.5763356891053,273248.9222298967,274236.4985655858,0.059652316490745975,0.2,0.0743801652892562
2021-03-02,366,274294.0,270543.0,2777.0,273320.0,974.0,28862514.0,78.0,72.0,422.0,28862534.3084053,425.6443894515974,983.4283421402296,273320.61886311014,274304.04720525036,0.061565201277277305,0.2,0.0646817248459959
2021-03-03,367,274381.0,270605.0,2778.0,273383.0,998.0,28862427.0,87.0,63.0,397.0,28862454.008153193,399.8954340121461,992.4686303583163,273383.62778243684,274376.0964127952,0.10661521676683823,0.2,0.0781563126252505
2021-03-04,368,274488.0,270683.0,2778.0,273461.0,1027.0,28862320.0,107.0,78.0,423.0,28862321.442858893,420.71265769883064,1001.7280501796201,273461.116433229,274462.8444834086,0.12444400991403345,0.2,0.30671859785783834
2021-03-05,369,274608.0,270766.0,3010.0,273776.0,832.0,28862200.0,120.0,315.0,465.0,28862206.13901664,449.1451646145029,831.4118657665499,273744.3039529806,274575.7158187472,0.08129503394911523,0.2,0.07451923076923077
2021-03-06,370,274655.0,270828.0,3010.0,273838.0,817.0,28862153.0,47.0,62.0,439.0,28862131.845637355,442.51568838427664,859.5703836189805,273839.06829064334,274698.6386742623,0.09366134642307228,0.2,0.07099143206854346
2021-03-07,371,274721.0,270886.0,3010.0,273896.0,825.0,28862087.0,66.0,58.0,427.0,28862075.88229596,429.3576497882089,844.7517058371119,273897.00834841444,274741.7600542515,0.10694776787446054,0.2,0.05090909090909091
2021-03-08,372,274810.0,270927.0,3011.0,273938.0,872.0,28861998.0,89.0,42.0,429.0,28861997.329090912,430.9395858701536,867.6399727350445,273939.09135048295,274806.731323218,0.043761368505230644,0.2,0.06995412844036697
2021-03-09,373,274869.0,270987.0,3012.0,273999.0,870.0,28861939.0,59.0,61.0,381.0,28861959.739105817,385.9269472505742,891.5901349724061,273999.74381195864,274891.33394693106,0.06985439028418597,0.2,0.07241379310344828
2021-03-10,374,274973.0,271050.0,3012.0,274062.0,911.0,28861835.0,104.0,63.0,365.0,28861878.388062272,366.8840811249296,881.2966923760981,274062.43116422766,274943.72785660374,0.1363027967507021,0.2,0.07244785949506037
2021-03-11,375,275070.0,271116.0,3012.0,274128.0,942.0,28861738.0,97.0,66.0,415.0,28861711.3281494,410.94792455951057,922.3632786627574,274128.3606473765,275050.7239260393,0.06965975554168326,0.2,0.06475583864118896
2021-03-12,376,275118.0,271177.0,3012.0,274189.0,929.0,28861690.0,48.0,61.0,397.0,28861672.29495808,399.3458644071645,961.6974526004238,274189.66172491317,275151.3591775136,0.05476902843681214,0.2,0.07965554359526372
2021-03-13,377,275178.0,271249.0,3014.0,274263.0,915.0,28861630.0,60.0,74.0,368.0,28861639.5060205,370.80385519643147,931.5520736778817,274263.13805062376,275194.69012430165,0.07458417997662634,0.2,0.08415300546448087
2021-03-14,378,275231.0,271326.0,3014.0,274340.0,891.0,28861577.0,53.0,77.0,362.0,28861562.536106557,362.4344154742714,911.1844207731084,274339.8450571944,275251.02947796753,0.05370596846138186,0.2,0.08417508417508418
2021-03-15,379,275310.0,271401.0,3014.0,274415.0,895.0,28861498.0,79.0,75.0,337.0,28861529.708541397,339.2396273356212,886.2235126796078,274414.82831858617,275301.0518312658,0.09520122022214877,0.2,0.10502793296089385
2021-03-16,380,275424.0,271495.0,3014.0,274509.0,915.0,28861384.0,114.0,94.0,354.0,28861414.764184933,351.31805548975854,871.2142299731812,274507.70352960494,275378.91775957815,0.12886843895207878,0.2,0.060109289617486336
2021-03-17,381,275518.0,271550.0,3014.0,274564.0,954.0,28861290.0,94.0,55.0,400.0,28861266.02655826,396.79214632156516,934.628619414999,274564.55267600133,275499.1812954163,0.13439452594948703,0.2,0.0639412997903564
2021-03-18,382,275625.0,271610.0,3015.0,274625.0,1000.0,28861183.0,107.0,61.0,447.0,28861161.56453097,443.94397732600135,976.801877190962,274625.6896145151,275602.49149170605,0.16294137392774233,0.2,0.124
2021-03-19,383,275750.0,271733.0,3016.0,274749.0,1001.0,28861058.0,125.0,124.0,519.0,28861023.93235277,510.0753771438387,973.7838276411538,274747.20844244584,275720.992270087,0.10468705932779357,0.2,0.08191808191808192
2021-03-20,384,275829.0,271815.0,3016.0,274831.0,998.0,28860979.0,79.0,82.0,519.0,28860953.09817946,520.0317907273316,1021.9994622103014,274831.87056760234,275853.8700298126,0.06757356543261446,0.2,0.1062124248496994
2021-03-21,385,275906.0,271921.0,3016.0,274937.0,969.0,28860902.0,77.0,106.0,482.0,28860912.347481124,485.3268507384407,992.5595729406838,274936.766095197,275929.3256681377,0.15877907296162416,0.2,0.10526315789473684
2021-03-22,386,276056.0,272020.0,3019.0,275039.0,1017.0,28860752.0,150.0,102.0,538.0,28860749.755707294,532.6114233478266,968.7368141450268,275038.89605521236,276007.63286935736,0.18722121730336688,0.2,0.07571288102261553
2021-03-23,387,276244.0,272097.0,3019.0,275116.0,1128.0,28860564.0,188.0,77.0,619.0,28860560.15858217,614.4533043006826,1054.0644747753397,275117.32363875496,276171.3881135303,0.12870248862527697,0.2,0.08067375886524823
2021-03-24,388,276389.0,272187.0,3020.0,275207.0,1182.0,28860419.0,145.0,91.0,639.0,28860418.08128149,639.111558472258,1161.466152021091,275208.341008017,276369.8071600381,0.14417644272142108,0.2,0.07191201353637902
2021-03-25,389,276509.0,272272.0,3020.0,275292.0,1217.0,28860299.0,120.0,85.0,680.0,28860247.02716663,679.132882908788,1227.2419979208876,275293.597952539,276520.8399504599,0.17835653544891614,0.2,0.06080525883319639
2021-03-26,390,276665.0,272342.0,3024.0,275366.0,1299.0,28860143.0,156.0,74.0,759.0,28860078.18257211,757.0532531517892,1284.7616064662675,275368.0025682693,276652.7641747356,0.06746120084402349,0.2,0.07390300230946882
2021-03-27,391,276750.0,272435.0,3027.0,275462.0,1288.0,28860058.0,85.0,96.0,694.0,28860054.51370538,701.6660996079627,1346.9550186781648,275463.8651763329,276810.82019501104,0.031196938848711723,0.2,0.07375776397515528
2021-03-28,392,276839.0,272530.0,3027.0,275557.0,1282.0,28859969.0,89.0,95.0,595.0,28860017.63428034,604.8017927733341,1321.2135236358133,275558.35040325025,276879.56392688607,0.09056406902755114,0.2,0.06396255850234009
2021-03-29,393,276980.0,272612.0,3027.0,275639.0,1341.0,28859828.0,141.0,82.0,591.0,28859852.384226214,592.8877197137515,1317.5757691131325,275640.1522849576,276957.7280540707,0.12437397047809395,0.2,0.08799403430275914
2021-03-30,394,277147.0,272727.0,3030.0,275757.0,1390.0,28859661.0,167.0,118.0,638.0,28859662.6093793,633.7779051864529,1345.4762193611905,275757.13649615523,277102.6127155164,0.0970381268574103,0.2,0.04244604316546763
2021-03-31,395,277309.0,272786.0,3030.0,275816.0,1493.0,28859499.0,162.0,59.0,644.0,28859524.126387544,646.5042098082832,1457.923577160483,275817.44582548575,277275.3694026462,0.08709821205944054,0.2,0.0
